Aheu	500	Definitely endangered
Sanenyo	1300	Critically endangered
Tolomako	450	Definitely endangered
Kim	20	Critically endangered
Waru	300	Definitely endangered
Jarawára	180	Vulnerable
Erokwanas	200	Vulnerable
Tipai (Mexico)	184	Severely endangered
Sapé	50	Critically endangered
Aleut (Western, Commander Islands)	5	Critically endangered
Katawixi	10	Critically endangered
Wali	487	Critically endangered
As	230	Vulnerable
Negidal	147	Critically endangered
Drubea	946	Vulnerable
Bai	2500	Definitely endangered
Kulun	0	Extinct
Qwarenya	0	Extinct
Togoyo	0	Extinct
Tipai (United States of America)	40	Severely endangered
Mountain Guarijío	696	Vulnerable
Moraori	50	Severely endangered
Miskito (Honduras)	25000	Vulnerable
Baras	200	Severely endangered
Resígaro	5	Critically endangered
Jaya	2200	Severely endangered
Arabela	50	Severely endangered
O'odham (Akimel)	15000	Definitely endangered
Southern Altay	50000	Definitely endangered
Pipil	200	Critically endangered
Eastern Mari	414211	Definitely endangered
Simi	104000	Vulnerable
Yaaku	0	Extinct
Jamamadí	800	Vulnerable
Bharmauri	3976	Definitely endangered
Crimean Tatar (Dobruja)	20000	Severely endangered
Kayabi	1000	Vulnerable
Zeme	34000	Vulnerable
Kaiep	250	Vulnerable
Bunun	10000	Vulnerable
Antakirinya	200	Definitely endangered
Sierra Popoluca	28700	Vulnerable
Bundjalung	20	Severely endangered
Tingal	8000	Definitely endangered
Yukpa	3000	Vulnerable
Lorediakarkar	10	Critically endangered
Moose Cree	405	Vulnerable
Arha	50	Critically endangered
Moose Cree	405	Vulnerable
Badala	0	Critically endangered
Romansh	35095	Definitely endangered
Samre	120	Critically endangered
Tabasco Náhuatl	434	Critically endangered
Lardil	10	Critically endangered
May	1000	Definitely endangered
Tsakonian	300	Critically endangered
Ava-Canoeiro	16	Critically endangered
Antoniano	0	Extinct
Sanema (Brazil)	462	Vulnerable
Mulam	30000	Vulnerable
Makurap	50	Severely endangered
Rama	30	Critically endangered
Tialo	30000	Vulnerable
Massep	25	Critically endangered
Thao	10	Critically endangered
Inuinnaqtun	890	Definitely endangered
Jarawára	180	Vulnerable
Washo	24	Severely endangered
Konkow	3	Critically endangered
Tamazight (Ait Rouadi)	1637	Extinct
Lemerig	2	Critically endangered
Saryg Yugur	4600	Severely endangered
Breton	250000	Severely endangered
Yasa	2401	Definitely endangered
Sipakapense	5687	Definitely endangered
Dhimal	20000	Severely endangered
Ari	80	Severely endangered
Gurdu-Mbaaru	15000	Severely endangered
Waima'a	3000	Definitely endangered
Kapingamarangi	3000	Severely endangered
Kickapoo (Oklahoma)	400	Severely endangered
Nootka	185	Severely endangered
Tewa (Arizona)	1600	Definitely endangered
Likum	100	Definitely endangered
Ashaninka (Brazil)	813	Vulnerable
Karaim (Western Ukraine)	6	Critically endangered
Chatino of the western lowlands	2640	Definitely endangered
Tetserret	40000	Severely endangered
Tanema	4	Critically endangered
Naueti	1000	Vulnerable
Warapu	300	Severely endangered
Miskito (Nicaragua)	100000	Vulnerable
Nakkara	50	Severely endangered
Tench	49	Critically endangered
Cha'palaa	4000	Definitely endangered
Padoe	5000	Vulnerable
Laji	250	Critically endangered
Eastern Abenaki	0	Extinct
Vumbu	2460	Definitely endangered
Sinkiang Dagur	4000	Definitely endangered
She	1000	Critically endangered
North Alaskan Inupiaq (Kotzebue Sound)	2144	Severely endangered
Mozarabic	0	Extinct
Northern Cuicatec	1503	Vulnerable
Odut	0	Extinct
Kawaiisu	10	Critically endangered
Chontal Tabasco	36514	Severely endangered
Barbareño	0	Extinct
Judeo-Berber (Morocco)	0	Extinct
Lule Saami	2000	Severely endangered
Churahi	61199	Definitely endangered
Huehuetla Tepehua	1603	Definitely endangered
Na	350	Critically endangered
Koro	160	Definitely endangered
Mam (Guatemala)	477717	Vulnerable
Santa	360000	Vulnerable
Cherokee (North Carolina)	1000	Severely endangered
Aruaco	14799	Vulnerable
Wambaya	20	Critically endangered
Waiwai (Guyana)	240	Vulnerable
Upper Umpqua	0	Extinct
Tehuelche	4	Critically endangered
Lehali	250	Vulnerable
Southeastern Pomo	0	Extinct
Palu'e	3000	Definitely endangered
Mabiri	3	Critically endangered
Emilian-Romagnol	2000000	Definitely endangered
Bagvalal	5000	Definitely endangered
Arapaho (Wyoming)	1000	Severely endangered
Omagua (Peru)	100	Critically endangered
Hoti	10	Critically endangered
Gitksan	710	Severely endangered
Murik	1256	Vulnerable
Kwatay	5625	Severely endangered
Washo	24	Severely endangered
Mescalero-Chiricahua Apache (New Mexico)	1500	Definitely endangered
Tinigua	1	Critically endangered
Wunambal	5	Critically endangered
Mehináku	200	Vulnerable
Tanema	4	Critically endangered
Ruga	100	Critically endangered
Kari'ña (Guyana, Suriname)	4000	Severely endangered
Ute (Colorado, Ute Mountain)	500	Severely endangered
Lacandón	563	Critically endangered
Waanyi	4	Critically endangered
Hozo	3000	Definitely endangered
Iwaidja	200	Vulnerable
Nauna	130	Vulnerable
Taworta	140	Vulnerable
Kaska	155	Severely endangered
Fayu	350	Vulnerable
Dorig	200	Definitely endangered
Laiyolo	600	Definitely endangered
Rikbaktsa	900	Severely endangered
Arguni	150	Vulnerable
Western Náhuatl	1041	Severely endangered
Koroshi	200	Critically endangered
Ozomatlán Totonac	1276	Critically endangered
Palikur (French Guyana)	500	Severely endangered
Kowiai	600	Vulnerable
Tima	3305	Severely endangered
Chácobo	550	Definitely endangered
Mandeali	611930	Definitely endangered
Ongamo	200	Critically endangered
Susuami	10	Critically endangered
Shawnee	100	Severely endangered
Northern Sierra Miwok	6	Critically endangered
Pendau	3200	Vulnerable
Mok (China)	700	Definitely endangered
Isthmus Náhuatl	26632	Vulnerable
Wanka Quechua	35000	Severely endangered
Domaaki	500	Severely endangered
Southern Tlapanec	592	Severely endangered
Kathu	5000	Definitely endangered
Paulohi	50	Critically endangered
Mansim	5	Critically endangered
Macushi (Guyana)	7750	Vulnerable
Dzala	15000	Vulnerable
Rembarrnga	10	Critically endangered
Omotik	50	Critically endangered
Ouma	4	Critically endangered
Moselle Franconian	390000	Vulnerable
Crimean Tatar (Crimea)	100000	Severely endangered
Yuki	125	Severely endangered
Alabat Island Agta	30	Critically endangered
Zenaga (Mauritania)	4000	Severely endangered
Cinta Larga	1440	Vulnerable
Panare	3000	Vulnerable
Csángó Hungarian	25000	Severely endangered
Jawe	729	Vulnerable
Fagauvea (Southern)	1107	Vulnerable
Quechua of Pacaraos	35	Critically endangered
Kendeje	1859	Definitely endangered
Miami-Illinois	0	Extinct
Yan-nhangu	61	Definitely endangered
Hulung	10	Critically endangered
Langthang Tibetan	0	Definitely endangered
Raute	518	Severely endangered
Sikuani	34614	Vulnerable
Hanis	0	Extinct
Tuvan	242754	Vulnerable
Sishee	0	Extinct
Toratán	500	Definitely endangered
Zenatiya	50000	Critically endangered
Luro	2000	Critically endangered
Scots	1500000	Vulnerable
Yug	0	Extinct
Kudu-Camo	42	Critically endangered
Gascon	250000	Definitely endangered
Keiga	6072	Severely endangered
Dilling	5295	Definitely endangered
Cherokee (Oklahoma)	10000	Definitely endangered
Garhwali	279500	Vulnerable
Burushaski	87000	Vulnerable
Quichua (Imbabura)	50000	Definitely endangered
Mawak	31	Critically endangered
Ixtenco Otomí	461	Severely endangered
Emplawas	220	Definitely endangered
Katawixi	10	Critically endangered
Yaminahua (Bolivia, Peru)	400	Severely endangered
Dampel	1	Critically endangered
Laxudumau	500	Vulnerable
N|uu	8	Critically endangered
Ngarinman	50	Severely endangered
Dargwa	503523	Vulnerable
Namonuito	944	Severely endangered
Atacameño	0	Extinct
Taworta	140	Vulnerable
Yine	2150	Definitely endangered
Kurux (India)	1751489	Vulnerable
Western Montagnais	2980	Vulnerable
Upland Yuman	1650	Vulnerable
Niuean	14000	Definitely endangered
Itonama	5	Critically endangered
Inkhokvari	1000	Definitely endangered
Tombelala	1000	Vulnerable
Maliseet-Passamaquoddy	500	Severely endangered
San Mateo del Mar Huave	12667	Vulnerable
Tshangla	193000	Vulnerable
Dengalu	140	Definitely endangered
Komo	11500	Definitely endangered
Tchumbuli	1838	Critically endangered
Quechan	150	Definitely endangered
Mo'ang (China)	5000	Definitely endangered
Ashaninka (Peru)	62468	Vulnerable
Rapanui	2500	Severely endangered
Arapáso	0	Extinct
Tobati	80	Severely endangered
Western Armenian (Turkey)	50000	Definitely endangered
Inkhokvari	1000	Definitely endangered
Northwestern Tarahumara	10031	Vulnerable
Kudu-Camo	42	Critically endangered
Marrithiyel	25	Critically endangered
Maung	200	Vulnerable
Ge'ez	0	Extinct
Hozo	3000	Definitely endangered
Kokborok	695000	Vulnerable
Quechua of Southern Bolivia	2300000	Vulnerable
Ashtiani	21000	Definitely endangered
Onjab	160	Vulnerable
Patla-Chicontla Totonac	8590	Severely endangered
Gyele	4280	Definitely endangered
Zuni	9000	Vulnerable
Norfolk-Pitcairn (Pitcairn)	50	Vulnerable
Lolak	50	Critically endangered
Lower Chehalis	0	Extinct
Tsafiki	2000	Definitely endangered
Lakon	700	Vulnerable
Spokane	2	Critically endangered
River Guarijío	617	Vulnerable
Poyanawa	2	Critically endangered
Ixcatec	21	Critically endangered
Senggi	100	Vulnerable
Moselle Franconian	390000	Vulnerable
Mountain Guarijío	696	Vulnerable
Tecóatl Mazatec	1300	Vulnerable
Norn	0	Extinct
Bongo	10084	Definitely endangered
Karelian (Karelia)	20000	Definitely endangered
Polabian	0	Extinct
Krahô	2184	Vulnerable
Araona	81	Severely endangered
Enggano	700	Vulnerable
Kuvi	300000	Definitely endangered
Faroese	60000	Vulnerable
Copper Island Aleut	10	Critically endangered
Southern Sierra Miwok	3	Critically endangered
Bubia	600	Severely endangered
Nauna	130	Vulnerable
Thulung	14034	Definitely endangered
Nataoran	20	Critically endangered
Miju	6700	Vulnerable
Piame	100	Severely endangered
Mafea	70	Definitely endangered
Tupari	150	Definitely endangered
Harakmbut	1206	Definitely endangered
Chrau	15000	Definitely endangered
Xakriabá	0	Extinct
Gagauz (Maritime)	400	Severely endangered
Mambai	2000	Severely endangered
Tagoi	13000	Severely endangered
Manihiki	5000	Definitely endangered
Eastern Pomo	0	Extinct
Chokri	84000	Vulnerable
Nunggubuyu	44	Severely endangered
Leco	20	Critically endangered
Woods Cree	9095	Vulnerable
Dorasque	0	Extinct
Ka'apór	991	Vulnerable
Zapotec of Mixtepe	14	Critically endangered
Legenyem	300	Vulnerable
Yawanawá	519	Vulnerable
Logudorese	400000	Definitely endangered
Yaghnobi	20000	Definitely endangered
Ipai	6	Critically endangered
Callahuaya	100	Critically endangered
Orejón	200	Severely endangered
Yiddish (Israel)	3000000	Definitely endangered
Panare	3000	Vulnerable
Tajio	12000	Vulnerable
Tobada'	12000	Extinct
Sierra de Puebla Náhuatl	57189	Definitely endangered
Zaparo	9	Critically endangered
Warnang	1100	Severely endangered
Stoney	2765	Vulnerable
Choyi	7000	Definitely endangered
Kodagu	166187	Definitely endangered
Pwapwa	80	Severely endangered
Assiniboine (Canada)	80	Critically endangered
Kilit	0	Extinct
Kalasha	5000	Severely endangered
Bukharic	10000	Definitely endangered
Tundra Nenets	30000	Definitely endangered
Ngong	0	Extinct
Candoshi	1900	Definitely endangered
Sentilese	50	Critically endangered
Kalasha	5000	Severely endangered
Spokane	2	Critically endangered
Stoney	2765	Vulnerable
Mam (Mexico)	7977	Severely endangered
Lajia	8000	Definitely endangered
Akatek (Guatemala)	35763	Vulnerable
Mayoruna (Brazil)	1500	Vulnerable
Birri	200	Critically endangered
Bayso	2000	Definitely endangered
Phula (China)	250000	Vulnerable
Yatê	1000	Severely endangered
Paakantyi	4	Critically endangered
Oroch	100	Critically endangered
Ordos	100000	Definitely endangered
Geme	550	Critically endangered
Welsh	750000	Vulnerable
Bororo	1390	Definitely endangered
Zeem	0	Extinct
Sampang	10810	Vulnerable
Che Wong	200	Definitely endangered
Bezhta	6461	Definitely endangered
Olonetsian	25000	Definitely endangered
Gooniyandi	60	Severely endangered
Arta	0	Extinct
Lhota	170000	Vulnerable
Gitksan	710	Severely endangered
Solon	10000	Definitely endangered
Udi (Azerbaijan)	5000	Severely endangered
Piratapuya (Brazil)	700	Severely endangered
Yurt Tatar	12000	Definitely endangered
Potawatomi (Oklahoma)	50	Critically endangered
Bahonsuai	180	Definitely endangered
Aka	4000	Definitely endangered
Ndunda	400	Severely endangered
Swoeng	492	Definitely endangered
Wappo	0	Extinct
Dakkang	1198	Definitely endangered
Umbrul	5	Critically endangered
Csángó Hungarian	25000	Severely endangered
Bati	800	Severely endangered
Bashkardi	7000	Definitely endangered
Mixtec of San Miguel Piedras	243	Severely endangered
Siraiya	0	Extinct
Natsilingmiutut	1455	Vulnerable
Zapotec of the Valleys, west	211	Definitely endangered
Yarawi	1	Critically endangered
Kachari	59000	Definitely endangered
Mvanip	100	Critically endangered
Kadaru	12360	Definitely endangered
Mon	800000	Vulnerable
Southwestern Tlapanec	23	Vulnerable
Demisa	450	Definitely endangered
Gardiol	340	Severely endangered
Bonjo	3000	Severely endangered
Agul	29399	Definitely endangered
Brahui	500000	Vulnerable
Onondaga (New York)	10	Critically endangered
Tulu	1722768	Vulnerable
Isirawa	1800	Vulnerable
Lumun	45000	Definitely endangered
Lalo	400000	Vulnerable
Laxudumau	500	Vulnerable
Crimean Tatar (Dobruja)	20000	Severely endangered
Boruca	70	Critically endangered
Nahukwa	124	Definitely endangered
Waiwai (Brazil)	2916	Vulnerable
Somyev	20	Critically endangered
Lajia	8000	Definitely endangered
Harakmbut	1206	Definitely endangered
Udege	40	Critically endangered
Khamnigan Mongol	2000	Definitely endangered
Lemerig	2	Critically endangered
Amahai	30	Critically endangered
Ninam (Venezuela)	100	Vulnerable
Sangkong	2000	Vulnerable
Mako	345	Critically endangered
Lola	830	Vulnerable
Bakpinka	3416	Critically endangered
Sierra Totonac	118367	Severely endangered
Alderney French	0	Extinct
Konda	118597	Definitely endangered
Garífuna (Belize)	14061	Vulnerable
Mancagne	26450	Vulnerable
Tuwuli	11400	Vulnerable
Bikya	1	Critically endangered
Hadza	975	Vulnerable
Choyi	7000	Definitely endangered
Tahltan	60	Critically endangered
Odut	0	Extinct
Badaga	134514	Definitely endangered
Mandaic	300	Critically endangered
Rotuman	3000	Vulnerable
Doga	200	Definitely endangered
Kalispel	5	Critically endangered
Gambiri	1000	Severely endangered
Kumaoni	2003783	Vulnerable
Sirmaudi	31144	Critically endangered
Sishee	0	Extinct
Micmac (Massachusetts)	8145	Definitely endangered
Gowro	200	Severely endangered
Sierra Popoluca	28700	Vulnerable
Malinaltepec Tlapanec	29	Vulnerable
Morokodo	3400	Severely endangered
Bola	1000	Definitely endangered
Sanhaja of Srair	0	Critically endangered
Nemi	325	Definitely endangered
Marrgu	0	Extinct
Sobei	1000	Definitely endangered
Western Chocho	70	Severely endangered
Cuman	0	Extinct
Doga	200	Definitely endangered
Njerep	4	Critically endangered
Xinka	1283	Critically endangered
Pauwi	100	Vulnerable
Polonomombauk	120	Definitely endangered
Baníwa do Içana	5811	Vulnerable
Kunbarlang	140	Severely endangered
Western Armenian (Turkey)	50000	Definitely endangered
Nukiní	0	Extinct
Darma	1761	Definitely endangered
Kendeje	1859	Definitely endangered
Sarikoli	22000	Definitely endangered
Adi	170000	Vulnerable
Lamongse	400	Critically endangered
Kwansu	300	Vulnerable
Shira Yugur	3000	Severely endangered
Jawoyn	20	Severely endangered
Gafat	0	Extinct
Tambotalo	50	Severely endangered
Makolkol	7	Critically endangered
Sause	250	Severely endangered
Ngäbere (Costa Rica)	2041	Definitely endangered
Ersu	15000	Definitely endangered
Natanzi	7000	Severely endangered
Warnman	30	Severely endangered
Ossete	550000	Vulnerable
Hinukh	548	Definitely endangered
Trio (Suriname)	1000	Vulnerable
Nyishangba	2000	Definitely endangered
Ayautla Mazatec	3192	Vulnerable
Sauk-Fox	200	Critically endangered
Mocoví	2000	Definitely endangered
Ume Saami	20	Critically endangered
Ngile	38000	Severely endangered
Sierra Totonac	118367	Severely endangered
Hmar	50000	Vulnerable
Western Náhuatl	1041	Severely endangered
Tsum	4786	Definitely endangered
Gambiri	1000	Severely endangered
Tuahka	300	Severely endangered
Magar	489383	Definitely endangered
Green Gelao (Viet Nam)	300	Critically endangered
Kilit	0	Extinct
Yudja	362	Vulnerable
Burji	7000	Vulnerable
Chihuahua Lower Pima	159	Definitely endangered
Kung	1750	Severely endangered
Warlpiri	3000	Vulnerable
Badiaranke	12205	Severely endangered
Garífuna (Belize)	14061	Vulnerable
Valle Nacional Chinantec	442	Definitely endangered
Nahukwa	124	Definitely endangered
Nyenkha	10000	Vulnerable
Yaminahua (Bolivia, Peru)	400	Severely endangered
Choctaw (Oklahoma)	9500	Vulnerable
Kham	30000	Definitely endangered
Argobba	8000	Critically endangered
Wuse	30000	Vulnerable
Wunambal	5	Critically endangered
Culina (Brazil)	2000	Vulnerable
Asturian-Leonese	150000	Definitely endangered
Xiri	87	Critically endangered
Tandia	0	Extinct
Gebe	2000	Vulnerable
Ili Turk	120	Severely endangered
Aka	4000	Definitely endangered
Kolami	121855	Definitely endangered
Uspantek	3971	Vulnerable
Moyon	3700	Definitely endangered
Sentilese	50	Critically endangered
Ashtiani	21000	Definitely endangered
Tamazight (Ait Rouadi)	1637	Extinct
Maleng	4000	Definitely endangered
Foya	20	Critically endangered
Wajãpi	905	Vulnerable
Dongotono	6219	Vulnerable
Ts'ixa	390	Definitely endangered
Atacameño	0	Extinct
Chulym Turk	35	Critically endangered
Koraga	16665	Critically endangered
Klamath-Modoc	0	Extinct
Udege	40	Critically endangered
Mosetén	585	Severely endangered
Jero	2000	Vulnerable
Eotile	0	Extinct
Taloki	500	Definitely endangered
Bataan Ayta	500	Definitely endangered
Red Gelao (China)	400	Critically endangered
Lishan Didan (Iran)	0	Extinct
Tomadino	500	Definitely endangered
Eastern Popoloc	3544	Vulnerable
Kelo	200	Critically endangered
Páez	80000	Definitely endangered
Pitjantjatjara	3000	Vulnerable
Plains Cree	20933	Vulnerable
Oirata	1221	Definitely endangered
Langa	500	Severely endangered
Adnyamathanha	100	Definitely endangered
Zeem	0	Extinct
Waunana (Panama)	6882	Severely endangered
Soyaltepec Mazatec	27524	Vulnerable
Shumashti	1000	Severely endangered
Tangkhul	142000	Vulnerable
Bororo	1390	Definitely endangered
Canichana	3	Extinct
Yecuana (Brazil)	430	Vulnerable
Laghu	0	Extinct
Awakatek (Mexico)	3	Critically endangered
Chulym Turk	35	Critically endangered
Upper Kuskokwim	25	Critically endangered
Lokono (Suriname)	1000	Severely endangered
Nyenkha	10000	Vulnerable
Itzá	1094	Critically endangered
Karko	12986	Definitely endangered
Cosung (China)	47000	Definitely endangered
Salamãy	2	Critically endangered
Wunai Bunu	8000	Definitely endangered
Turi	5000	Definitely endangered
Dorro	80	Severely endangered
Kati	18700	Definitely endangered
Hu	1000	Definitely endangered
Red Gelao (Viet Nam)	20	Critically endangered
Mescalero-Chiricahua Apache (New Mexico)	1500	Definitely endangered
Katukína-Kanamarí	2100	Vulnerable
Zenatiya	50000	Critically endangered
Danaw	1000	Critically endangered
Mewahang	904	Severely endangered
Manchurian Ölöt	1000	Severely endangered
Kaiowá Guarani	20000	Vulnerable
Atsugewi	0	Extinct
Bakpinka	3416	Critically endangered
Arara do Pará	271	Vulnerable
Gangte	15000	Definitely endangered
Wik Ngathan	100	Definitely endangered
Han (United States of America)	12	Critically endangered
Hijuk	400	Critically endangered
Yami	2700	Vulnerable
Phunoi	37311	Vulnerable
Indri	700	Severely endangered
Matagalpa	0	Extinct
Yarawi	1	Critically endangered
Ashtiani	21000	Definitely endangered
Nunatsiavummiutut	575	Definitely endangered
Karang	10000	Vulnerable
Thavung (Laos)	1000	Definitely endangered
Northern Tujia	60000	Severely endangered
Northern Tutchone	115	Definitely endangered
Brahui	500000	Vulnerable
Pana	7800	Definitely endangered
North Saami	30000	Definitely endangered
Shabo	450	Severely endangered
Sampang	10810	Vulnerable
Rapa	400	Severely endangered
Yavapai	150	Severely endangered
Mor	25	Severely endangered
Kerek	0	Extinct
Oyda	16597	Vulnerable
Juk	15000	Definitely endangered
Uru	1	Extinct
Zapotec of Zimatlán de Álvarez	562	Definitely endangered
Kavalan	24	Critically endangered
Welsh	750000	Vulnerable
Shor	6210	Severely endangered
Torá	0	Extinct
Trukhmen	10000	Definitely endangered
Animere	700	Critically endangered
Creek	5000	Definitely endangered
Aweti	160	Vulnerable
Griko (Calabria)	2000	Severely endangered
Ari	80	Severely endangered
Chong	500	Severely endangered
Worrorra	4	Critically endangered
Maring	22000	Vulnerable
Bundjalung	20	Severely endangered
Paiwan	15000	Vulnerable
Assiniboine (United States of America)	150	Critically endangered
Leco	20	Critically endangered
Lishan Didan (Israel)	4000	Severely endangered
Zapotec of Petapa	4613	Definitely endangered
Sakapultek	6973	Definitely endangered
Lezgian	500000	Vulnerable
Pontic Greek	300000	Definitely endangered
Cherokee (Oklahoma)	10000	Definitely endangered
Khmin	500	Vulnerable
Ingalik	14	Critically endangered
Bubia	600	Severely endangered
Zenaga (Mauritania)	4000	Severely endangered
Arem	100	Severely endangered
Itik	80	Vulnerable
Q'eqchi' (Guatemala)	716101	Vulnerable
Ts'ixa	390	Definitely endangered
Sambe	2	Critically endangered
Tese	1400	Critically endangered
Ge'ez	0	Extinct
Yarawata	98	Severely endangered
Ava-Canoeiro	16	Critically endangered
Sanhaja of Srair	0	Critically endangered
Ordos	100000	Definitely endangered
Khiamngan	38000	Vulnerable
Dungmali	4609	Definitely endangered
Moraori	50	Severely endangered
Rongpo	8000	Vulnerable
Emplawas	220	Definitely endangered
Tapirapé	564	Vulnerable
Western Apache	6000	Definitely endangered
Pu	5000	Critically endangered
Chepya	2000	Definitely endangered
Idu	11101	Definitely endangered
Khorasani Turk	200000	Vulnerable
Tangsa	40000	Vulnerable
Leco	20	Critically endangered
Jero	2000	Vulnerable
Beaver	195	Definitely endangered
Shughni	95000	Vulnerable
Tlachichilco Tepehua	2234	Definitely endangered
Odut	0	Extinct
Cosung (China)	47000	Definitely endangered
Western Tlapanec	549	Vulnerable
Cho-ca-nga-ca-kha	20000	Definitely endangered
Massep	25	Critically endangered
South Slavey	920	Definitely endangered
Sivandi	7000	Definitely endangered
Ottawa (Canada)	810	Severely endangered
Lower Northwestern Otomí	6509	Vulnerable
Chilchotla Mazatec	20585	Vulnerable
Moere	56	Severely endangered
Pangvali	16285	Critically endangered
Maleng	4000	Definitely endangered
North Frisian	10000	Severely endangered
Cheyenne (Montana)	1700	Definitely endangered
Creek	5000	Definitely endangered
Jaminjung	15	Severely endangered
Korwa	35000	Vulnerable
Maliseet-Passamaquoddy	500	Severely endangered
Chokri	84000	Vulnerable
Oroha	100	Severely endangered
Ujir	1200	Definitely endangered
Argobba	8000	Critically endangered
Anfillo	500	Critically endangered
Djeoromitxi	30	Severely endangered
Yami	2700	Vulnerable
Tubatulabal	3	Critically endangered
Eastern Kamchadal	0	Extinct
Macushi (Brazil)	15000	Vulnerable
Seke	500	Vulnerable
Ruga	100	Critically endangered
Catawba	0	Extinct
Khorasani Turk	200000	Vulnerable
Jarawa	31	Critically endangered
Culina (Brazil)	2000	Vulnerable
Hya	940	Severely endangered
Obispeño	0	Extinct
Ersu	15000	Definitely endangered
Omagua (Brazil)	0	Critically endangered
Munji	2000	Severely endangered
Moklen	6000	Definitely endangered
Tz'utujil	63237	Definitely endangered
Huehuetlán Mazatec	1169	Vulnerable
Taikat	500	Definitely endangered
Mayoruna (Peru)	2500	Vulnerable
Sikuani	34614	Vulnerable
Nyangumarta	250	Vulnerable
Western Otomí	415	Severely endangered
Ixcatec	21	Critically endangered
Pyu	100	Severely endangered
Gazi	7000	Definitely endangered
Lipan	0	Extinct
Latgalian	150000	Vulnerable
Garrwa	40	Severely endangered
Manchu (Amur)	10	Critically endangered
Dabra	100	Vulnerable
Emplawas	220	Definitely endangered
Sonora Lower Pima	159	Severely endangered
Sowa	10	Critically endangered
Mixtec of the central Ravine	1878	Definitely endangered
Sechelt	15	Critically endangered
Krevin	0	Extinct
Yimchungru	92000	Vulnerable
Tangkhul	142000	Vulnerable
Chihuahua Lower Pima	159	Definitely endangered
Mono	300	Critically endangered
Indri	700	Severely endangered
Saulteau	6558	Vulnerable
Paafang	1318	Severely endangered
Xakriabá	0	Extinct
Teko	71	Severely endangered
Laha (Son La)	500	Definitely endangered
Northern East Cree	6870	Vulnerable
Nayi	3656	Vulnerable
Ritharrngu	66	Definitely endangered
Leco	20	Critically endangered
Tai Rong	100	Critically endangered
Manchurian Ölöt	1000	Severely endangered
Arikapu	2	Critically endangered
Twana	0	Extinct
Quileute	0	Extinct
Guarasu	2	Critically endangered
Homa	0	Extinct
Cinta Larga	1440	Vulnerable
Acoma-Laguna	4000	Definitely endangered
Guaraní Boliviano	40000	Vulnerable
Tilapa Otomí	292	Severely endangered
Koch	31000	Definitely endangered
North Frisian	10000	Severely endangered
Aheu	500	Definitely endangered
Chepya	2000	Definitely endangered
Akawaio (Guyana, Venezuela)	5800	Definitely endangered
Hupda (Colombia)	1500	Definitely endangered
Ts'amay	8621	Definitely endangered
Cholon	0	Extinct
Lamongse	400	Critically endangered
Hoanya	0	Extinct
Chiquitano (Bolivia)	6500	Definitely endangered
Badaga	134514	Definitely endangered
Poyanawa	2	Critically endangered
Deori	28000	Definitely endangered
Guayabero	1118	Definitely endangered
Hermit	20	Critically endangered
Kodagu	166187	Definitely endangered
Lardil	10	Critically endangered
Yatê	1000	Severely endangered
Singpho	5000	Definitely endangered
Keder	180	Severely endangered
Kuot	1000	Vulnerable
Kalasha	5000	Severely endangered
Ghale	28989	Vulnerable
Côông	1676	Definitely endangered
Scottish Gaelic	58552	Definitely endangered
Zoró	464	Vulnerable
Wiradjuri	30	Critically endangered
Aribwatsa	0	Extinct
Dura	0	Extinct
Mon	800000	Vulnerable
Phalok	0	Extinct
Itelmen	100	Critically endangered
Kurux (Bangladesh)	65000	Vulnerable
Swampy Cree	16685	Vulnerable
Nila (Seram Island)	1800	Definitely endangered
Laro	40000	Definitely endangered
Western Neo-Aramaic	20000	Definitely endangered
Lenca	0	Extinct
Nukiní	0	Extinct
Asumboa	40	Severely endangered
Nemadi	100	Critically endangered
Jorá	0	Critically endangered
Piaroa (Colombia)	800	Definitely endangered
Ngäbere (Costa Rica)	2041	Definitely endangered
Waxiang	300000	Vulnerable
Micmac (Massachusetts)	8145	Definitely endangered
K'iche' (Guatemala)	890596	Vulnerable
Sanema (Venezuela)	393	Vulnerable
Red Gelao (Viet Nam)	20	Critically endangered
Resígaro	5	Critically endangered
She	1000	Critically endangered
Quechua of Peruvian Amazonia	7200	Vulnerable
Shoshoni (Idaho)	2000	Severely endangered
Sei	0	Extinct
Tewa (Arizona)	1600	Definitely endangered
Chamalal	12000	Definitely endangered
Tambotalo	50	Severely endangered
Picuris	225	Vulnerable
Koryak	2000	Severely endangered
Páez	80000	Definitely endangered
Kwisi	0	Extinct
Han (United States of America)	12	Critically endangered
Basay	0	Extinct
Tabasco Náhuatl	434	Critically endangered
Tundra Enets	10	Critically endangered
Páez	80000	Definitely endangered
Odut	0	Extinct
Kung	1750	Severely endangered
Manjui	1200	Definitely endangered
Walmajarri	500	Definitely endangered
Green Gelao (Viet Nam)	300	Critically endangered
Sampang	10810	Vulnerable
Bieria	25	Critically endangered
Ningalami	200	Severely endangered
Marúbo	1252	Vulnerable
Baras	200	Severely endangered
Momuna	2000	Vulnerable
Tayal	10000	Vulnerable
Sian	50	Severely endangered
Dogrib	1675	Vulnerable
Karajá	1500	Vulnerable
Lower Northwestern Otomí	6509	Vulnerable
Brokshat	3000	Definitely endangered
Faroese	60000	Vulnerable
Mpi	2000	Definitely endangered
Juma	5	Critically endangered
Sakurabiat	25	Severely endangered
Cocopa (Mexico)	206	Definitely endangered
Lehali	250	Vulnerable
Turi	5000	Definitely endangered
Thompson	335	Severely endangered
Chimila	900	Severely endangered
Chepya	2000	Definitely endangered
Island Chumash	0	Extinct
Warnang	1100	Severely endangered
Vilela	0	Extinct
Jinuo	12000	Definitely endangered
Ata	2000	Critically endangered
Central Náhuatl	395581	Vulnerable
Nez Perce	20	Critically endangered
Lacandón	563	Critically endangered
Mebengokre	7266	Vulnerable
Kari'ña (French Guyana)	2000	Definitely endangered
Chairel	0	Extinct
Kangjia	300	Severely endangered
Gong	80	Severely endangered
Rio Grande Keresan	6685	Definitely endangered
Maring	22000	Vulnerable
Helong	9000	Severely endangered
Mingrelian	350000	Definitely endangered
Akkala Saami	0	Extinct
Seke	500	Vulnerable
Mulao	100	Severely endangered
Chácobo	550	Definitely endangered
Negidal	147	Critically endangered
Vilela	0	Extinct
Western Popoloc	516	Severely endangered
Tilapa Otomí	292	Severely endangered
Orejón	200	Severely endangered
Quechua of Santiago del Estero	80000	Definitely endangered
Yanyuwa	70	Severely endangered
Kapingamarangi	3000	Severely endangered
Krongo	21688	Definitely endangered
Mono (Western)	40	Critically endangered
San Mateo del Mar Huave	12667	Vulnerable
Taba	10000	Vulnerable
Tubatulabal	3	Critically endangered
Quechua of Ayacucho	850000	Definitely endangered
Piru	0	Extinct
Kodeoha	1000	Vulnerable
Kumyk	458121	Vulnerable
Tenharim	350	Severely endangered
Angami	132000	Vulnerable
Dogrib	1675	Vulnerable
Namuyi	5000	Vulnerable
Miami-Illinois	0	Extinct
Maung	200	Vulnerable
Mor	25	Severely endangered
Ixtenco Otomí	461	Severely endangered
Yimchungru	92000	Vulnerable
Bikaru	100	Severely endangered
Bayso	2000	Definitely endangered
Duguza	2000	Definitely endangered
Nganasan	505	Severely endangered
Chuj (Mexico)	1771	Critically endangered
Bussa	6624	Vulnerable
Papora	0	Extinct
Kinikinau	11	Critically endangered
Araweté	339	Vulnerable
Limbu	300000	Definitely endangered
Ninam (Brazil)	466	Vulnerable
Kwisi	0	Extinct
Mlahso (Turkey)	0	Extinct
Massalat	10	Critically endangered
Laro	40000	Definitely endangered
Kulun	0	Extinct
Mancagne	26450	Vulnerable
Alabama	275	Definitely endangered
Sorbian	19500	Definitely endangered
Micmac (Canada)	6850	Vulnerable
Ubykh (Turkey)	0	Extinct
Awyi	350	Vulnerable
Sioux	25000	Vulnerable
Quichua (Cañar and Azuay)	90000	Severely endangered
Wanka Quechua	35000	Severely endangered
Hoti	10	Critically endangered
Kati	18700	Definitely endangered
Kendeje	1859	Definitely endangered
Ongamo	200	Critically endangered
Thakali	6441	Vulnerable
Kinikinau	11	Critically endangered
Ineseño	0	Extinct
Quichua (Loja)	45000	Severely endangered
Seri	518	Vulnerable
Nguon	2000	Vulnerable
Khamnigan Mongol	2000	Definitely endangered
Eastern Cuicatec	1641	Vulnerable
Paakantyi	4	Critically endangered
Karajarri	10	Critically endangered
Karelian (Tver)	10000	Definitely endangered
Tamki	500	Critically endangered
Damal	5000	Vulnerable
Bubia	600	Severely endangered
Ndai	5	Critically endangered
Hupda (Colombia)	1500	Definitely endangered
Dargwa	503523	Vulnerable
Pasi	1000	Definitely endangered
Aruá	12	Severely endangered
Naka'ela	0	Extinct
Tupari	150	Definitely endangered
Phunoi	37311	Vulnerable
Kota	2000	Critically endangered
Gura	3000	Severely endangered
Katla	14208	Definitely endangered
Badaga	134514	Definitely endangered
Dampel	1	Critically endangered
Alawa	22	Critically endangered
Poyanawa	2	Critically endangered
Wiradjuri	30	Critically endangered
Khowar	222800	Vulnerable
Moselle Franconian	390000	Vulnerable
Huichol	35724	Vulnerable
Harakmbut	1206	Definitely endangered
Lake Miwok	3	Critically endangered
Laemae	15000	Severely endangered
Quichua (Imbabura)	50000	Definitely endangered
Matipu	10	Critically endangered
Mariupolitan Greek	20000	Severely endangered
Bardi	30	Severely endangered
Karipuna	10	Definitely endangered
Gallo-Sicilian	65000	Definitely endangered
Shor	6210	Severely endangered
Okanagan	130	Definitely endangered
Zazaki	2000000	Vulnerable
Ter Saami	10	Critically endangered
Ingalik	14	Critically endangered
Guarayu	5000	Definitely endangered
Aivilingmiutut	1245	Vulnerable
Moksela	0	Extinct
Atacameño	0	Extinct
Ava-Canoeiro	16	Critically endangered
Parji	51216	Critically endangered
Wauja	321	Vulnerable
Gascon	250000	Definitely endangered
N|uu	8	Critically endangered
Kuvi	300000	Definitely endangered
Amblong	150	Definitely endangered
Zapotec of the Southern mountains, northeast	849	Definitely endangered
Lishan Didan (Iran)	0	Extinct
Kwama	15000	Vulnerable
Leco	20	Critically endangered
Alabat Island Agta	30	Critically endangered
Somm	80	Definitely endangered
Pacahuara	18	Critically endangered
Alune	12000	Vulnerable
Bepour	57	Severely endangered
Trio (Suriname)	1000	Vulnerable
Lower Northwestern Otomí	6509	Vulnerable
Chamorro	62500	Vulnerable
Tanimbili	50	Severely endangered
Juk	15000	Definitely endangered
Akhvakh	5793	Definitely endangered
Gaagudju	0	Extinct
Dahalo	400	Severely endangered
Arbanasi	500	Severely endangered
Maring	22000	Vulnerable
Vedda	300	Definitely endangered
Bubia	600	Severely endangered
Suret	240000	Definitely endangered
Seri	518	Vulnerable
Sentilese	50	Critically endangered
Saryg Yugur	4600	Severely endangered
Talodi	1500	Critically endangered
Tektitek	1144	Definitely endangered
Yeyi	20000	Definitely endangered
Munichi	8	Critically endangered
Southern Tujia	10000	Severely endangered
Matipu	10	Critically endangered
Baleasang	3000	Definitely endangered
Tennet	4000	Vulnerable
Cabécar	7622	Vulnerable
Yudja	362	Vulnerable
Bokar	5000	Vulnerable
Sarwa	2000	Definitely endangered
Jaunsari	114733	Definitely endangered
Mo'ang (China)	5000	Definitely endangered
Hualapai	1000	Vulnerable
Chorotega	16	Critically endangered
Chimané	5300	Vulnerable
Mru	40000	Severely endangered
Arrernte	2000	Vulnerable
Purisimeño	0	Extinct
Udege	40	Critically endangered
Dongotono	6219	Vulnerable
Cheyenne (Montana)	1700	Definitely endangered
Chɨlɨng	1314	Definitely endangered
Siraiya	0	Extinct
Palikur (Brazil)	1300	Vulnerable
Naskapi	525	Vulnerable
Gadang	2500	Definitely endangered
Southern Altay	50000	Definitely endangered
Mang (Viet Nam)	2300	Definitely endangered
Cappadocian Greek (Turkey)	0	Extinct
Wambule	4471	Vulnerable
Karbi	420000	Vulnerable
Southeastern Pomo	0	Extinct
Pisaflores Tepehua	2578	Vulnerable
Majhi	24664	Severely endangered
Ngwaba	10000	Severely endangered
Kuruáya	2	Critically endangered
Chawte	200	Definitely endangered
Gupapuyngu	300	Vulnerable
Maslam	723	Severely endangered
Shingsaba	4000	Vulnerable
Bainouk-Gunyaamolo	5635	Vulnerable
Mixtec of Santa Inés de Zaragoza	775	Definitely endangered
Plains Cree	20933	Vulnerable
Múra	0	Extinct
Olultecan	60	Severely endangered
Northern Straits Salish	65	Critically endangered
Luiseño	5	Critically endangered
Konkow	3	Critically endangered
Western Mazahua	27037	Definitely endangered
Khalaj	42100	Vulnerable
Nguon	2000	Vulnerable
Cobiana	400	Critically endangered
Dol-po	9000	Definitely endangered
Mopán (Belize)	8980	Severely endangered
Yimchungru	92000	Vulnerable
Northeastern Pomo	0	Extinct
Tamahaq (Algeria)	120000	Vulnerable
Mang (Viet Nam)	2300	Definitely endangered
Pemon (Brazil)	500	Vulnerable
Shoshoni (Idaho)	2000	Severely endangered
Chokri	84000	Vulnerable
Anuki	542	Definitely endangered
Rikbaktsa	900	Severely endangered
River Guarijío	617	Vulnerable
Kiksht	7	Critically endangered
Dimbong	140	Critically endangered
Culle	0	Extinct
Nyamal	20	Severely endangered
Holikachuk	5	Critically endangered
Biak	30000	Vulnerable
Soqotri	50000	Severely endangered
Voh-Koné dialects	878	Definitely endangered
Ñandeva Guarani	10000	Vulnerable
Central Sierra Miwok	3	Critically endangered
Kului	170770	Definitely endangered
Caddo	25	Critically endangered
Waotededo	2000	Vulnerable
Cashibo-Cacataibo	1800	Definitely endangered
Kurux (India)	1751489	Vulnerable
Tobian	22	Critically endangered
Naueti	1000	Vulnerable
Pijao	0	Extinct
Moraori	50	Severely endangered
Semelai	2500	Severely endangered
Koasati (Texas)	450	Definitely endangered
Yakkha	14648	Critically endangered
Choctaw (Louisiana)	9500	Vulnerable
Pukapukan	840	Definitely endangered
Cayuse	0	Extinct
North Slavey	720	Definitely endangered
Munsee (Canada)	10	Critically endangered
Lisela	9000	Vulnerable
Choctaw (Louisiana)	9500	Vulnerable
Khoirao	20000	Vulnerable
Inuinnaqtun	890	Definitely endangered
Voh-Koné dialects	878	Definitely endangered
Awakatek (Mexico)	3	Critically endangered
Chihuahua Lower Pima	159	Definitely endangered
Bunuba	40	Severely endangered
Rikbaktsa	900	Severely endangered
Ulithian	3000	Severely endangered
Teanu	600	Definitely endangered
Lacandón	563	Critically endangered
Asur	7000	Definitely endangered
Bom	20	Severely endangered
Gorap	1000	Definitely endangered
Upper Tanana (United States of America)	55	Critically endangered
Achumawi	10	Critically endangered
Gawar-Bati	9500	Definitely endangered
Pite Saami	20	Critically endangered
Ute (Colorado, Southern Ute)	100	Severely endangered
Mao	81000	Vulnerable
Paumarí	290	Severely endangered
Dolgan	4865	Definitely endangered
Kurux (Bangladesh)	65000	Vulnerable
Nambiquara do Sul	721	Vulnerable
Erzya	400000	Definitely endangered
Tundra Nenets	30000	Definitely endangered
Apurinã	2000	Definitely endangered
Sanglechi	2500	Severely endangered
Tambotalo	50	Severely endangered
Guatuso	300	Severely endangered
Taje	350	Critically endangered
Dhaiso	5000	Definitely endangered
Mixtec of San Pedro Tidaá	384	Severely endangered
Tanana	15	Critically endangered
Eliri	0	Severely endangered
Arapaho (Wyoming)	1000	Severely endangered
Kangdi	1700000	Definitely endangered
Western Chocho	70	Severely endangered
Pukobyê	494	Vulnerable
Kuna (Colombia)	876	Severely endangered
K'emant	1500	Severely endangered
Kwazá	25	Critically endangered
West Frisian	350000	Vulnerable
Bishuo	1	Critically endangered
Mochica	0	Extinct
Uru	1	Extinct
Shira Yugur	3000	Severely endangered
Athpahariya	2000	Definitely endangered
Southern Ayta	150	Critically endangered
Yurats	0	Extinct
Kanowit	100	Severely endangered
Bishnupriya Manipuri Creole	72899	Vulnerable
Dusner	20	Critically endangered
Mang (Viet Nam)	2300	Definitely endangered
Tamzabit	150000	Vulnerable
Faetar	600	Definitely endangered
Anindilyakwa	2000	Vulnerable
Muot	10000	Critically endangered
Tuscarora (United States of America)	3	Critically endangered
Tirahi	100	Critically endangered
Waiwai (Brazil)	2916	Vulnerable
Thavung (Laos)	1000	Definitely endangered
North Alaskan Inupiaq (North Slope)	2144	Severely endangered
Maslam	723	Severely endangered
Plautdietsch	300000	Definitely endangered
Apalai	317	Vulnerable
Filomeno Mata Totonac	11710	Vulnerable
Mandaic	300	Critically endangered
Burji	7000	Vulnerable
Wintu-Nomlaki	1	Critically endangered
Awjila	3000	Severely endangered
Baga Kalem	0	Extinct
Cocama-Cocamilla (Peru)	1000	Severely endangered
Simi	104000	Vulnerable
Ticuna	35000	Definitely endangered
Cobiana	400	Critically endangered
Lakon	700	Vulnerable
Orang Hulu	10000	Definitely endangered
Paiter	1000	Vulnerable
Guernsey French	1327	Severely endangered
Khaling	9288	Definitely endangered
Northern East Cree	6870	Vulnerable
Nafi	100	Severely endangered
Mwesen	15	Critically endangered
Seri	518	Vulnerable
Kendeje	1859	Definitely endangered
Siglitun	230	Severely endangered
Taulil	800	Vulnerable
Kom	5000	Definitely endangered
Quechua of Cajatambo, Pasco and northern Junín	40000	Severely endangered
Khunsari	21000	Definitely endangered
Cashinahua (Brazil)	6000	Vulnerable
Wambule	4471	Vulnerable
Motocintlec	141	Critically endangered
Piru	0	Extinct
Potawatomi (Kansas)	50	Critically endangered
Kokota	200	Vulnerable
Sowa	10	Critically endangered
Soo	100	Critically endangered
Tamazight (Arzew)	2000	Critically endangered
Koroni	400	Definitely endangered
Tambotalo	50	Severely endangered
Nyenkha	10000	Vulnerable
Sáliba	2000	Severely endangered
Mandan	10	Critically endangered
Karipuna	10	Definitely endangered
Bohtan Neo-Aramaic	1000	Severely endangered
Island Carib	0	Extinct
Ritharrngu	66	Definitely endangered
Hértevin	1000	Critically endangered
Samatao	100	Critically endangered
Bosilewa	250	Vulnerable
Morokodo	3400	Severely endangered
Upper Umpqua	0	Extinct
Fania	1100	Severely endangered
Meithei	1250000	Vulnerable
Wichita	10	Critically endangered
Cha'palaa	4000	Definitely endangered
Lai	3000	Definitely endangered
Phula (Viet Nam)	9046	Definitely endangered
Gafat	0	Extinct
Rahambuu	4000	Vulnerable
Kanela Rankokamekra	1337	Vulnerable
Guajajara	14000	Vulnerable
Rangkas	0	Extinct
Qawasqar	20	Critically endangered
Tabasco Náhuatl	434	Critically endangered
Tobati	80	Severely endangered
Neku	221	Severely endangered
Saek	25000	Definitely endangered
Yaghnobi	20000	Definitely endangered
Garífuna (Guatemala)	3564	Vulnerable
Mzieme	29000	Vulnerable
Ligurian	1000000	Definitely endangered
Kilit	0	Extinct
Nakkara	50	Severely endangered
Padam	20000	Vulnerable
Komi	217316	Definitely endangered
Han (United States of America)	12	Critically endangered
Kuna (Colombia)	876	Severely endangered
Mangarrayi	6	Critically endangered
Legenyem	300	Vulnerable
Ocaina (Peru)	150	Critically endangered
Kickapoo (Mexico)	144	Critically endangered
Nyamal	20	Severely endangered
Aka	4000	Definitely endangered
Erzya	400000	Definitely endangered
Tamki	500	Critically endangered
Yawarana	300	Severely endangered
Orok	64	Critically endangered
Ubykh (Turkey)	0	Extinct
Southeastern Tarahumara	5406	Vulnerable
Tembé	60	Severely endangered
Arho	10	Critically endangered
Ko	2683	Critically endangered
Siona  Secoya (Peru)	450	Definitely endangered
Dumi	8	Critically endangered
Juma	5	Critically endangered
Palumata	0	Extinct
Chontal Tabasco	36514	Severely endangered
Ottawa (Michigan)	459	Critically endangered
Warekena (Venezuela)	500	Severely endangered
Gajerrong	2	Critically endangered
Birgid	0	Extinct
Meriam Mir	160	Definitely endangered
Mam (Guatemala)	477717	Vulnerable
Wari	150	Definitely endangered
Paiter	1000	Vulnerable
Miami-Illinois	0	Extinct
Kulfa	2200	Definitely endangered
Ashtiani	21000	Definitely endangered
Koneraw	200	Vulnerable
Kodagu	166187	Definitely endangered
Maleng	4000	Definitely endangered
Archi	524	Definitely endangered
Turoyo	50000	Severely endangered
Kaningara	327	Vulnerable
Abkhaz	125000	Vulnerable
Chácobo	550	Definitely endangered
Chamicuro	8	Critically endangered
Moose Cree	405	Vulnerable
Khövsgöl Uryangkhay	10	Critically endangered
Taulil	800	Vulnerable
Naiki	10000	Critically endangered
Awyi	350	Vulnerable
Transylvanian Saxon	50000	Severely endangered
Beeke	1000	Severely endangered
Sipakapense	5687	Definitely endangered
Bagupi	60	Definitely endangered
Kanashi	1500	Definitely endangered
Malmariv	150	Vulnerable
Northern Popoloc	8597	Vulnerable
Highland Mazatec	33859	Vulnerable
Palumata	0	Extinct
Gavião do Pará	476	Vulnerable
Talu	10000	Vulnerable
Máku	0	Extinct
Mehináku	200	Vulnerable
Kaingang	18500	Definitely endangered
Yami	2700	Vulnerable
Bishnupriya Manipuri Creole	72899	Vulnerable
Naman	5	Critically endangered
White Gelao (China)	1200	Severely endangered
Tillamook	0	Extinct
Meithei	1250000	Vulnerable
Andoke	597	Severely endangered
Juhur (Caucasus)	3016	Definitely endangered
Scots	1500000	Vulnerable
Miriwoong	50	Critically endangered
Nootka	185	Severely endangered
North Saami	30000	Definitely endangered
Desano (Brazil)	600	Definitely endangered
Kohi	2641	Vulnerable
Straits Salish	180	Severely endangered
Ch'orti' (Guatemala)	11734	Definitely endangered
Xakriabá	0	Extinct
Bina	0	Extinct
Latgalian	150000	Vulnerable
Niviar	5	Critically endangered
Han (United States of America)	12	Critically endangered
Central Kalapuyan	0	Extinct
Phalura	8600	Definitely endangered
Zo'é	177	Vulnerable
Ketangalan	0	Extinct
Tawahka	500	Severely endangered
Hijuk	400	Critically endangered
Senggi	100	Vulnerable
Ghale	28989	Vulnerable
Baga Manduri	4000	Definitely endangered
Bangani	12000	Critically endangered
Sakurabiat	25	Severely endangered
Lude	3000	Severely endangered
Western Tlapanec	549	Vulnerable
Ozomatlán Totonac	1276	Critically endangered
Shoshoni (Idaho)	2000	Severely endangered
Loke Tibetan	0	Definitely endangered
Kolami	121855	Definitely endangered
Kapori	35	Critically endangered
Lokono (Suriname)	1000	Severely endangered
Kurux (Nepal)	28615	Vulnerable
Taushiro	1	Critically endangered
Akum	600	Critically endangered
Ersu	15000	Definitely endangered
Boro	19878	Definitely endangered
Vehes	100	Severely endangered
Kumāle	6533	Severely endangered
Nila (Seram Island)	1800	Definitely endangered
Yaminahua (Brazil)	600	Vulnerable
Dongotono	6219	Vulnerable
Arabela	50	Severely endangered
Gagauz (Maritime)	400	Severely endangered
Tsakhur	25000	Definitely endangered
Wancho	49000	Vulnerable
Namuyi	5000	Vulnerable
Brokkat	300	Definitely endangered
Burushaski	87000	Vulnerable
Kalispel	5	Critically endangered
Löyöp	250	Vulnerable
Mra	350	Critically endangered
Mok (Myanmar, Thailand)	30000	Definitely endangered
Mo-peng	0	Extinct
Leco	20	Critically endangered
Chru	12000	Vulnerable
Banjima	50	Severely endangered
Tamang	1196639	Vulnerable
Ona	0	Extinct
Northern Tepehuán	6802	Definitely endangered
Jorá	0	Critically endangered
Comanche	100	Severely endangered
Maung	200	Vulnerable
Khaccaḍ Bhoṭe	0	Definitely endangered
Bella Coola	50	Critically endangered
Thakali	6441	Vulnerable
Koryak	2000	Severely endangered
Jirel	4919	Definitely endangered
Kanakanabu	20	Critically endangered
Maiya	220000	Vulnerable
Chamalal	12000	Definitely endangered
Mudburra	48	Severely endangered
Coptic	0	Extinct
Dhurga	0	Critically endangered
Hmar	50000	Vulnerable
Akhvakh	5793	Definitely endangered
Apiaká	1	Critically endangered
O'odham (Akimel)	15000	Definitely endangered
Hidatsa	200	Definitely endangered
Mussau-Emira	3651	Definitely endangered
Achuar	2500	Definitely endangered
Ishkashimi	1000	Severely endangered
Nila (Nila Island)	0	Extinct
Western Popoloc	516	Severely endangered
Caquinte Campa	250	Definitely endangered
Vilamovian	70	Severely endangered
Tipai (Mexico)	184	Severely endangered
Koyukon	150	Critically endangered
Rongpo	8000	Vulnerable
Old Prussian	0	Extinct
Mawak	31	Critically endangered
Bathari	300	Critically endangered
Old Sirenik	0	Extinct
El Hugeirat	1000	Severely endangered
Ingush	405343	Vulnerable
Red Gelao (China)	400	Critically endangered
Bribri (Panama)	2521	Severely endangered
Pauwi	100	Vulnerable
Quechua of Southern Bolivia	2300000	Vulnerable
Gongduk	1000	Vulnerable
Tawahka	500	Severely endangered
Goundo	30	Critically endangered
Piaroa (Colombia)	800	Definitely endangered
Bongo	10084	Definitely endangered
Warekena (Brazil)	20	Critically endangered
Utsat	3700	Definitely endangered
Eyak	0	Extinct
Juang	23000	Definitely endangered
Ayautla Mazatec	3192	Vulnerable
Katxuyana-Xikuyána	150	Vulnerable
Bulgebi	50	Definitely endangered
Che Wong	200	Definitely endangered
Buryat (Cis-Baikal)	50000	Severely endangered
Khampti	13000	Vulnerable
Patwin	1	Critically endangered
Upper Kuskokwim	25	Critically endangered
Mudburra	48	Severely endangered
Siona / Secoya (Ecuador)	600	Severely endangered
Laro	40000	Definitely endangered
Gadang	2500	Definitely endangered
Tingal	8000	Definitely endangered
Yawalapiti	10	Critically endangered
Ixil (Mexico)	64	Critically endangered
Tamang	1196639	Vulnerable
Brokshat	3000	Definitely endangered
Gardiol	340	Severely endangered
Gününa Küne	0	Extinct
Kurtjar	0	Extinct
Sechelt	15	Critically endangered
Gitksan	710	Severely endangered
Western Mansi	0	Extinct
Sinkiang Dagur	4000	Definitely endangered
Karaim (Western Ukraine)	6	Critically endangered
Natsilingmiutut	1455	Vulnerable
Evenki (Manchuria)	4000	Severely endangered
Onondaga (New York)	10	Critically endangered
Ongota	8	Critically endangered
Loun	20	Critically endangered
Sach	1000	Definitely endangered
Liliali	0	Extinct
Sepa	200	Vulnerable
Guernsey French	1327	Severely endangered
Wali	487	Critically endangered
Chilchotla Mazatec	20585	Vulnerable
!Gan!ne	0	Extinct
A'ingae / Cofan (Ecuador)	700	Definitely endangered
Totoró	4	Critically endangered
Sicilian	5000000	Vulnerable
Chorote Iyojwa'ja	800	Severely endangered
Ghomara	100	Critically endangered
Susuami	10	Critically endangered
Sioux	25000	Vulnerable
Mlomp	500	Critically endangered
Hermit	20	Critically endangered
Central Pomo	3	Critically endangered
Nyishi	170000	Vulnerable
Imeraguen	534	Definitely endangered
Karelian (Tver)	10000	Definitely endangered
Jamamadí	800	Vulnerable
Mayoruna (Brazil)	1500	Vulnerable
Argobba	8000	Critically endangered
Gutob	40000	Vulnerable
Savi	3000	Definitely endangered
South Slavey	920	Definitely endangered
Chawte	200	Definitely endangered
Araweté	339	Vulnerable
Saaroa	1500	Critically endangered
Jinuo	12000	Definitely endangered
Kulung	18686	Vulnerable
Gondi	2713790	Vulnerable
Kuvi	300000	Definitely endangered
Anus	70	Severely endangered
Sahaptin	100	Severely endangered
Western Apache	6000	Definitely endangered
Arta	0	Extinct
Tofanma	90	Vulnerable
Tharkarri	2	Critically endangered
Berti	0	Extinct
Southern East Cree	4455	Vulnerable
Terena	19000	Severely endangered
Defaka	200	Critically endangered
Phunoi	37311	Vulnerable
Rio Grande Keresan	6685	Definitely endangered
Kaxarari	300	Critically endangered
Hadza	975	Vulnerable
Laghu	0	Extinct
Phula (Viet Nam)	9046	Definitely endangered
Waru	300	Definitely endangered
Pech	900	Severely endangered
Ngangikurunggurr	60	Severely endangered
Byangsi	1734	Definitely endangered
Natanzi	7000	Severely endangered
White Gelao (China)	1200	Severely endangered
Kowiai	600	Vulnerable
Dameli	5500	Severely endangered
Siwi	15000	Definitely endangered
Tangam	100	Critically endangered
Buryat (Trans-Baikal)	300000	Definitely endangered
Konkow	3	Critically endangered
Bumthang	30000	Vulnerable
Nocte	33000	Vulnerable
Pareci	1000	Definitely endangered
Musan	75	Severely endangered
Wunambal	5	Critically endangered
Machineri (Bolivia)	140	Severely endangered
Siriano (Brazil)	71	Vulnerable
Dagur (Amur)	400	Critically endangered
Wik Ngencherr	30	Severely endangered
Ch'orti' (Honduras)	10	Critically endangered
Gao	550	Vulnerable
Resian	1000	Definitely endangered
Chepang	36807	Vulnerable
Wardaman	24	Severely endangered
Southern Tiwa (Sandia Pueblo)	1600	Definitely endangered
Tamazight (Arzew)	2000	Critically endangered
Atacameño	0	Extinct
Taulil	800	Vulnerable
Voh-Koné dialects	878	Definitely endangered
Baníwa do Içana	5811	Vulnerable
Wajãpi	905	Vulnerable
Motuo Menba	9000	Definitely endangered
Qawasqar	20	Critically endangered
Nila (Seram Island)	1800	Definitely endangered
Abaga	5	Critically endangered
K'iche' (Mexico)	226	Definitely endangered
Zapotec of Asunción Tlacolulita	53	Critically endangered
As	230	Vulnerable
Miju	6700	Vulnerable
Ainu (Hokkaido)	15	Critically endangered
Dhaiso	5000	Definitely endangered
Deori	28000	Definitely endangered
U	3000	Definitely endangered
Seward Peninsula Inupiaq (Big Diomede Island)	0	Extinct
Chulym Turk	35	Critically endangered
Pech	900	Severely endangered
Hmar	50000	Vulnerable
Samatao	100	Critically endangered
Kheng	40000	Vulnerable
Aka	4000	Definitely endangered
Tidikelt	30000	Critically endangered
Waunana (Panama)	6882	Severely endangered
Kurru	300000	Definitely endangered
Cashinahua (Brazil)	6000	Vulnerable
Ngäbere (Panama)	169130	Vulnerable
Tarpia	300	Severely endangered
Auye	350	Vulnerable
Yurok	12	Critically endangered
Southern Tiwa (Sandia Pueblo)	1600	Definitely endangered
Chatino of Zacatepec	453	Definitely endangered
Taikat	500	Definitely endangered
Paumarí	290	Severely endangered
Tamahaq (Algeria)	120000	Vulnerable
Carapana (Colombia)	60	Definitely endangered
Kaqchikel (Guatemala)	444954	Vulnerable
Itonama	5	Critically endangered
Wagiman	11	Severely endangered
Klallam	2	Critically endangered
Paite	50000	Vulnerable
Lhota	170000	Vulnerable
Picuris	225	Vulnerable
Kurripako (Colombia, Venezuela)	10000	Definitely endangered
Huasteca Náhuatl	463183	Vulnerable
Voh-Koné dialects	878	Definitely endangered
Campidanese	900000	Definitely endangered
Menik	3375	Definitely endangered
Bahing	2765	Definitely endangered
Embera (Panama)	22485	Vulnerable
Turi	5000	Definitely endangered
Alawa	22	Critically endangered
Guanche	0	Extinct
Gamilaraay	5	Critically endangered
Wayana (Suriname)	1500	Vulnerable
Choctaw (Oklahoma)	9500	Vulnerable
Caquinte Campa	250	Definitely endangered
Nguon	2000	Vulnerable
Mon	800000	Vulnerable
Bagvalal	5000	Definitely endangered
Tobian	22	Critically endangered
Juhur (Caucasus)	3016	Definitely endangered
Texistepecan	250	Severely endangered
Zenatiya	50000	Critically endangered
Ñandeva Guarani	10000	Vulnerable
Raute	518	Severely endangered
Sipakapense	5687	Definitely endangered
Buryat (Cis-Baikal)	50000	Severely endangered
Karagash	7000	Definitely endangered
Ts'amay	8621	Definitely endangered
Namonuito	944	Severely endangered
Rapa	400	Severely endangered
Western Tarahumara	9196	Vulnerable
Wangkumara	0	Critically endangered
Shabo	450	Severely endangered
Oroch	100	Critically endangered
Guarasu	2	Critically endangered
Hermit	20	Critically endangered
Tayal	10000	Vulnerable
Western Mazatec	6639	Vulnerable
Laz	130000	Definitely endangered
Siona / Secoya (Colombia)	500	Critically endangered
Tillamook	0	Extinct
Mòcheno	1000	Definitely endangered
Southwestern Tlapanec	23	Vulnerable
Chipaya	1050	Definitely endangered
Koke	600	Severely endangered
Haisla	110	Critically endangered
Karata	6574	Definitely endangered
Kuna (Panama)	61703	Vulnerable
Achi'	82640	Vulnerable
Northern Paiute (Oregon)	300	Critically endangered
Banjima	50	Severely endangered
Ske	30	Severely endangered
Animere	700	Critically endangered
Panamahka	9000	Vulnerable
Emae	200	Vulnerable
Sei	0	Extinct
Phalok	0	Extinct
Sirionó	400	Severely endangered
Cholon	0	Extinct
Bezhta	6461	Definitely endangered
Ofayé	12	Critically endangered
Tamang	1196639	Vulnerable
Tingal	8000	Definitely endangered
Tlahuica	405	Severely endangered
Yem	81613	Vulnerable
Isthmus Náhuatl	26632	Vulnerable
Krenjê	0	Extinct
Catawba	0	Extinct
Halkomelem	375	Severely endangered
Satawal	458	Severely endangered
Koke	600	Severely endangered
Wuse	30000	Vulnerable
Ainu (Kuril)	0	Extinct
Zhaba	7000	Vulnerable
Rangkas	0	Extinct
Besme	1228	Severely endangered
Tahltan	60	Critically endangered
Shawnee	100	Severely endangered
Lengilu	4	Critically endangered
Bororo	1390	Definitely endangered
Jaunsari	114733	Definitely endangered
Kryz	10000	Severely endangered
Dargwa	503523	Vulnerable
Northern Tujia	60000	Severely endangered
Malmariv	150	Vulnerable
Chontal Tabasco	36514	Severely endangered
Kumzari	1700	Severely endangered
Turi	5000	Definitely endangered
Chokri	84000	Vulnerable
Tinan	2000	Definitely endangered
Mopán (Guatemala)	2455	Severely endangered
Western Mazatec	6639	Vulnerable
Poyanawa	2	Critically endangered
Tagin	30000	Vulnerable
Holikachuk	5	Critically endangered
Baníwa do Içana	5811	Vulnerable
Dagur (Nonni)	100000	Definitely endangered
Konyak	248000	Vulnerable
Matanvat	10	Critically endangered
Mahasui	496024	Definitely endangered
Khalaj	42100	Vulnerable
Eastern Tlapanec	3088	Vulnerable
Taiap	89	Severely endangered
Auye	350	Vulnerable
Mixtec of the southwest of Puebla	1074	Definitely endangered
Logudorese	400000	Definitely endangered
Eastern Mari	414211	Definitely endangered
Quechua of Ayacucho	850000	Definitely endangered
Mawé	6219	Vulnerable
Satawal	458	Severely endangered
Kickapoo (Oklahoma)	400	Severely endangered
Dair	1000	Severely endangered
Isu	800	Severely endangered
Karas	100	Severely endangered
Yola	0	Extinct
Ordos	100000	Definitely endangered
Soqotri	50000	Severely endangered
Upper Kuskokwim	25	Critically endangered
Aluo	20000	Definitely endangered
Natchez	0	Extinct
Geme	550	Critically endangered
Megleno-Romanian	5000	Severely endangered
Serrano	0	Extinct
Gura	3000	Severely endangered
Tolowa	1	Critically endangered
Bubia	600	Severely endangered
Southern Altay	50000	Definitely endangered
Onondaga (New York)	10	Critically endangered
Puma	4310	Severely endangered
Kachari	59000	Definitely endangered
Hulaula (Israel)	10000	Severely endangered
Anal	23000	Vulnerable
Isu	800	Severely endangered
Basque	660000	Vulnerable
Barzani Jewish Neo-Aramaic (Israel)	20	Critically endangered
Pengo	1254	Critically endangered
Coptic	0	Extinct
Feroge	8000	Vulnerable
Southern Haida	55	Critically endangered
Eastern Montagnais	4180	Vulnerable
Bussa	6624	Vulnerable
Leco	20	Critically endangered
Parachi	6000	Definitely endangered
Kato	0	Extinct
Sabanê	3	Critically endangered
Umpila	12	Severely endangered
Mahasui	496024	Definitely endangered
Zazaki	2000000	Vulnerable
Chulym Turk	35	Critically endangered
Cinta Larga	1440	Vulnerable
Enawenê-Nawê	445	Vulnerable
Pech	900	Severely endangered
Laomian (Myanmar)	2500	Definitely endangered
Waxiang	300000	Vulnerable
Migueleño	0	Extinct
Noon	10925	Vulnerable
Kulfa	2200	Definitely endangered
Mixtec of Santa Cruz Itundujia	851	Definitely endangered
Sarwa	2000	Definitely endangered
Kanowit	100	Severely endangered
Central Kalapuyan	0	Extinct
Dzhidi	30000	Definitely endangered
Ofayé	12	Critically endangered
Potawatomi (Wisconsin)	50	Critically endangered
Yuki	125	Severely endangered
Karko	12986	Definitely endangered
Sila	2600	Definitely endangered
Tai Neua	70000	Vulnerable
Araki	8	Critically endangered
Francoprovençal	100000	Definitely endangered
Vacacocha	2	Critically endangered
Palumata	0	Extinct
Gagauz (Bessarabia)	180000	Definitely endangered
Kapori	35	Critically endangered
Sharanahua	450	Severely endangered
Sonsorol	600	Severely endangered
Araki	8	Critically endangered
Paulohi	50	Critically endangered
She	1000	Critically endangered
Aribwatsa	0	Extinct
Tumtum	6500	Severely endangered
Karbi	420000	Vulnerable
Fayu	350	Vulnerable
Ari	80	Severely endangered
Jinuo	12000	Definitely endangered
Barasana (Colombia)	400	Critically endangered
Nambiquara do Norte	323	Vulnerable
Kofei	100	Severely endangered
Blablanga	600	Definitely endangered
Sighu	1000	Severely endangered
Logudorese	400000	Definitely endangered
Wano	3500	Definitely endangered
Ngong	0	Extinct
Minhe Monguor	25000	Definitely endangered
Shanenawa	300	Vulnerable
Barzani Jewish Neo-Aramaic (Iraq)	0	Extinct
Geji cluster	6000	Severely endangered
Doga	200	Definitely endangered
Dongotono	6219	Vulnerable
Woods Cree	9095	Vulnerable
Tsafiki	2000	Definitely endangered
Guajiro	318500	Vulnerable
Zapotec of Asunción Tlacolulita	53	Critically endangered
Katukina do Acre	404	Severely endangered
Achagua	283	Severely endangered
Hodi	600	Vulnerable
Wambule	4471	Vulnerable
Uspantek	3971	Vulnerable
Ona	0	Extinct
Waru	300	Definitely endangered
Zenatiya	50000	Critically endangered
Wardaman	24	Severely endangered
Baga Mboteni	0	Critically endangered
Kede	0	Extinct
Waunana (Panama)	6882	Severely endangered
Aleut (Western)	150	Severely endangered
Nukuoro	860	Definitely endangered
Geta?	3000	Severely endangered
Gats'ama - Ganjule - Harro	2000	Definitely endangered
Antakirinya	200	Definitely endangered
Dagur (Hailar)	5000	Definitely endangered
Pisamira	25	Critically endangered
Bangani	12000	Critically endangered
Batek	700	Critically endangered
Yecuana (Brazil)	430	Vulnerable
Khmin	500	Vulnerable
Piame	100	Severely endangered
Yiddish (Israel)	3000000	Definitely endangered
Kapingamarangi	3000	Severely endangered
Vehes	100	Severely endangered
Mayoruna (Brazil)	1500	Vulnerable
Lishanid Noshan (Israel)	3000	Severely endangered
Sengseng	400	Vulnerable
Tanaina	50	Severely endangered
Nayi	3656	Vulnerable
Wayana (Suriname)	1500	Vulnerable
Dororo	0	Extinct
Ngalkbun	30	Severely endangered
Bierebo	350	Vulnerable
Gusilay	13950	Vulnerable
Ngatikese Men's Creole	700	Definitely endangered
Kukatja	1000	Vulnerable
Algherese Catalan	10000	Definitely endangered
Panobo	0	Extinct
Western Zoque	4100	Vulnerable
Gagauz (Bessarabia)	180000	Definitely endangered
Mulaha	0	Extinct
Patamona (Guyana)	5000	Vulnerable
Siglitun	230	Severely endangered
Gardiol	340	Severely endangered
Cuona Menba	50000	Vulnerable
Karelian (Valday)	0	Extinct
Rutul	29383	Definitely endangered
ǁKx'au	0	Extinct
Eastern Ojibwe	620	Severely endangered
Vera'a	300	Definitely endangered
Sera	432	Severely endangered
Na	350	Critically endangered
Arguni	150	Vulnerable
Mayoruna (Peru)	2500	Vulnerable
Habu	1000	Vulnerable
Poyanawa	2	Critically endangered
Cheyenne (Oklahoma)	400	Severely endangered
Badala	0	Critically endangered
Papora	0	Extinct
Tima	3305	Severely endangered
Cayuga (Oklahoma)	0	Extinct
Punan Batu	30	Critically endangered
Phong	300	Definitely endangered
Onin	500	Vulnerable
Gongduk	1000	Vulnerable
Zaparo	9	Critically endangered
Shiwiar	100	Severely endangered
Norfolk-Pitcairn (Pitcairn)	50	Vulnerable
Yurt Tatar	12000	Definitely endangered
Khowar	222800	Vulnerable
Chulym Turk	35	Critically endangered
Berakou	0	Extinct
Bosilewa	250	Vulnerable
Bina	0	Extinct
Yurok	12	Critically endangered
Zapotec of the Valleys, middle northwest	20448	Definitely endangered
Hoti	10	Critically endangered
Tewa (New Mexico)	1600	Severely endangered
Yagua	4000	Definitely endangered
Lakon	700	Vulnerable
Jersey French	2874	Severely endangered
Karitiana	320	Vulnerable
Hya	940	Severely endangered
Apatani	35000	Vulnerable
Dakpa	1000	Definitely endangered
ǁXegwi	0	Extinct
Siuslaw	0	Extinct
Ediamat	22025	Vulnerable
Yeyi	20000	Definitely endangered
Cosung (China)	47000	Definitely endangered
Kari'ña (Brazil)	66	Definitely endangered
Mpi	2000	Definitely endangered
Bakpinka	3416	Critically endangered
Huasteca Náhuatl	463183	Vulnerable
Guernsey French	1327	Severely endangered
Paiter	1000	Vulnerable
Thao	10	Critically endangered
Dukha	200	Severely endangered
Okanagan	130	Definitely endangered
Tima	3305	Severely endangered
Bung	3	Critically endangered
Copper Island Aleut	10	Critically endangered
Deori	28000	Definitely endangered
Lachi	5000	Definitely endangered
Zenatiya	50000	Critically endangered
Mescalero-Chiricahua Apache (Oklahoma)	3	Critically endangered
Usu	93	Severely endangered
Pasi	1000	Definitely endangered
Nambiquara do Sul	721	Vulnerable
Antoniano	0	Extinct
Bagupi	60	Definitely endangered
Mru	40000	Severely endangered
Moraori	50	Severely endangered
Jarawa	31	Critically endangered
Emae	200	Vulnerable
Ngaatjatjara	12	Severely endangered
Wintu-Nomlaki	1	Critically endangered
Woleaian	1631	Severely endangered
Karone	10000	Vulnerable
Miskito (Honduras)	25000	Vulnerable
Rahambuu	4000	Vulnerable
Bagvalal	5000	Definitely endangered
Kanakanabu	20	Critically endangered
Krenak	10	Critically endangered
Thao	10	Critically endangered
Ona	0	Extinct
Mayoruna (Peru)	2500	Vulnerable
Ute (Colorado, Ute Mountain)	500	Severely endangered
Boor	100	Critically endangered
Omagua (Peru)	100	Critically endangered
Ch'orti' (Guatemala)	11734	Definitely endangered
Jangshung	2000	Definitely endangered
Bukharic	10000	Definitely endangered
Saaroa	1500	Critically endangered
Kanela Apaniekra	458	Vulnerable
Ampibabo Lauje	6000	Vulnerable
Rotuman	3000	Vulnerable
Isarog Agta	5	Critically endangered
Callahuaya	100	Critically endangered
Siriano (Brazil)	71	Vulnerable
Western Cham	200000	Vulnerable
Muya	12000	Vulnerable
Naati	10	Critically endangered
Tamahaq (Libya)	17000	Definitely endangered
Arem	100	Severely endangered
Krikati	682	Vulnerable
Teko	71	Severely endangered
Yakkha	14648	Critically endangered
Kaniet	0	Extinct
Hupda (Brazil)	1900	Vulnerable
Ulwa	500	Severely endangered
Highland Chontal	2410	Severely endangered
Sause	250	Severely endangered
Machineri (Bolivia)	140	Severely endangered
Malak Malak	10	Critically endangered
Quechua of Cajamarca	30000	Severely endangered
Kwegu	103	Critically endangered
Lafofa	5140	Severely endangered
Paite	50000	Vulnerable
Bahing	2765	Definitely endangered
Malak Malak	10	Critically endangered
Sarwa	2000	Definitely endangered
Chatong	580	Definitely endangered
Côông	1676	Definitely endangered
Nemadi	100	Critically endangered
Sorsorian	5	Critically endangered
Te'un (Seram Island)	1200	Definitely endangered
Wuse	30000	Vulnerable
Tlingit (United States of America)	300	Critically endangered
Ngalakan	5	Critically endangered
Khorasani Turk	200000	Vulnerable
Busuu	8	Critically endangered
Krikati	682	Vulnerable
Central Zoque	5500	Definitely endangered
Sirmaudi	31144	Critically endangered
Iwaidja	200	Vulnerable
Wayana (Brazil)	288	Vulnerable
Kadu	1000	Severely endangered
Yuracaré	2675	Definitely endangered
Thao	10	Critically endangered
Wintu-Nomlaki	1	Critically endangered
Sharanahua	450	Severely endangered
Navajo	120000	Vulnerable
Ute (Colorado, Southern Ute)	100	Severely endangered
Cayuse	0	Extinct
Kasanga	650	Critically endangered
Tabasco Náhuatl	434	Critically endangered
Kurux (India)	1751489	Vulnerable
Northern Sierra Miwok	6	Critically endangered
Paafang	1318	Severely endangered
Kalmyk	153602	Definitely endangered
Huehuetla Tepehua	1603	Definitely endangered
Mabiri	3	Critically endangered
Baheng (China)	45000	Vulnerable
Jeri	1500	Severely endangered
Norfolk-Pitcairn (Norfolk)	580	Definitely endangered
Toba	30000	Definitely endangered
Gavião do Pará	476	Vulnerable
Tayurayt	15000	Vulnerable
Urupá	0	Extinct
Apalai	317	Vulnerable
Papapana	150	Definitely endangered
Anal	23000	Vulnerable
Salamãy	2	Critically endangered
Dengalu	140	Definitely endangered
Che Wong	200	Definitely endangered
Ixil (Guatemala)	83574	Vulnerable
Panare	3000	Vulnerable
Ket	150	Severely endangered
Naiki	10000	Critically endangered
Omotik	50	Critically endangered
Massalat	10	Critically endangered
Laha (Son La)	500	Definitely endangered
Seru	0	Extinct
Cayuga (Oklahoma)	0	Extinct
Mortlockese	5904	Definitely endangered
Tharkarri	2	Critically endangered
Tirahi	100	Critically endangered
Zoró	464	Vulnerable
Bawm	14000	Definitely endangered
Bai	2500	Definitely endangered
Karagash	7000	Definitely endangered
Kisêdjê	351	Vulnerable
Karelian (Valday)	0	Extinct
Buryat (Manchuria)	50000	Definitely endangered
Quechua of Peruvian Amazonia	7200	Vulnerable
Khövsgöl Uryangkhay	10	Critically endangered
Nocte	33000	Vulnerable
Burunge	10000	Vulnerable
Töitschu	200	Severely endangered
U	3000	Definitely endangered
Ahtna	25	Critically endangered
Khojki	5000	Severely endangered
Nauna	130	Vulnerable
Moose Cree	405	Vulnerable
Geji cluster	6000	Severely endangered
Ata	2000	Critically endangered
Thado	191000	Vulnerable
Juang	23000	Definitely endangered
Budibud	120	Vulnerable
Malak Malak	10	Critically endangered
Ngwaba	10000	Severely endangered
Yiddish (Israel)	3000000	Definitely endangered
Arabela	50	Severely endangered
Montana Salish	60	Critically endangered
Piu	130	Definitely endangered
Western Armenian (Turkey)	50000	Definitely endangered
Uruak	19	Critically endangered
Vidunda	10000	Vulnerable
Lokono (Suriname)	1000	Severely endangered
Karelian (Tver)	10000	Definitely endangered
Dargwa	503523	Vulnerable
Yahgan	1	Critically endangered
Northern Tujia	60000	Severely endangered
Uru-eu-au-au	183	Vulnerable
Kogui	9911	Vulnerable
Garrwa	40	Severely endangered
Malto	224926	Definitely endangered
Rao	15000	Definitely endangered
Tum	1000	Definitely endangered
Campidanese	900000	Definitely endangered
Korúbo	205	Vulnerable
Tape	10	Critically endangered
Fania	1100	Severely endangered
Mpi	2000	Definitely endangered
Miji	5000	Definitely endangered
Northern Alta	200	Severely endangered
Gurung	338925	Definitely endangered
Nootka	185	Severely endangered
Lakon	700	Vulnerable
Kokota	200	Vulnerable
Central Pame	7399	Vulnerable
Kanashi	1500	Definitely endangered
Bodo	900000	Vulnerable
Zenaga (Western Sahara)	1000	Critically endangered
Hinukh	548	Definitely endangered
North Greenlandic	1000	Definitely endangered
Nootka	185	Severely endangered
Yuhup (Brazil)	617	Vulnerable
Southwestern Tepehuan	2756	Vulnerable
Akatek (Mexico)	532	Vulnerable
Bashkarik	1500	Severely endangered
Pareci	1000	Definitely endangered
Nataoran	20	Critically endangered
Mewahang	904	Severely endangered
Mono (Western)	40	Critically endangered
Ndunda	400	Severely endangered
Bishnupriya Manipuri Creole	72899	Vulnerable
Nunatsiavummiutut	575	Definitely endangered
Liliali	0	Extinct
Wanano / Kotiria (Brazil)	650	Vulnerable
Yapunda	69	Severely endangered
Bishuo	1	Critically endangered
Olonetsian	25000	Definitely endangered
Mangarla	20	Critically endangered
Garífuna (Honduras)	98000	Vulnerable
Wappo	0	Extinct
Piaroa (Colombia)	800	Definitely endangered
Lacandón	563	Critically endangered
Chang	62000	Vulnerable
Machineri (Bolivia)	140	Severely endangered
Geme	550	Critically endangered
Kalamo	100	Severely endangered
Umutina	0	Extinct
Singa	0	Extinct
Tiri	221	Definitely endangered
Xavante	13303	Vulnerable
Bru	20000	Definitely endangered
Ticuna	35000	Definitely endangered
Sambe	2	Critically endangered
Sierra Otomí	43468	Vulnerable
Sake	1000	Severely endangered
ǁGana	1550	Vulnerable
Kalasha	5000	Severely endangered
Mixtec of the southwest of Puebla	1074	Definitely endangered
Salas	50	Severely endangered
Yoba	0	Extinct
Chilcotin	560	Definitely endangered
Bagvalal	5000	Definitely endangered
Angika	740892	Vulnerable
Prasun	2000	Definitely endangered
Makurap	50	Severely endangered
Eliri	0	Severely endangered
Bantawa	371056	Vulnerable
Sherpa	143693	Vulnerable
Ayapanec	8	Critically endangered
Mor	25	Severely endangered
Mortlockese	5904	Definitely endangered
Maung	200	Vulnerable
Algherese Catalan	10000	Definitely endangered
Tariana (Brazil)	100	Critically endangered
Mores	75	Severely endangered
Assiniboine (United States of America)	150	Critically endangered
Puluwat	1364	Severely endangered
Ganan	500	Severely endangered
Island Chumash	0	Extinct
Campidanese	900000	Definitely endangered
Mpi	2000	Definitely endangered
Tocho	3800	Severely endangered
Turi	5000	Definitely endangered
Klallam	2	Critically endangered
Beaver	195	Definitely endangered
Lishana Deni (Iraq)	0	Extinct
Scottish Gaelic	58552	Definitely endangered
Jarawa	31	Critically endangered
Tayurayt	15000	Vulnerable
Erokwanas	200	Vulnerable
Piaroa (Venezuela)	11000	Vulnerable
Nooksack	0	Extinct
Mancagne	26450	Vulnerable
Dâw	120	Vulnerable
Camarines Norte Agta	150	Severely endangered
Kului	170770	Definitely endangered
Southern Khanty	0	Extinct
Wichita	10	Critically endangered
Dupaninan Agta	1400	Vulnerable
Lauje	32000	Vulnerable
Nisenan	0	Extinct
Apalai	317	Vulnerable
Nyikina	20	Severely endangered
Pyu	100	Severely endangered
Mbya Guarani (Brazil)	6000	Vulnerable
Itonama	5	Critically endangered
Sirmaudi	31144	Critically endangered
Bunuba	40	Severely endangered
Lamongse	400	Critically endangered
Singpho	5000	Definitely endangered
Antakirinya	200	Definitely endangered
Creek	5000	Definitely endangered
Mahongwe	1000	Severely endangered
Kosraean	6900	Severely endangered
Katawixi	10	Critically endangered
Eastern Mari	414211	Definitely endangered
Taos	800	Definitely endangered
Rapanui	2500	Severely endangered
Naluo	15000	Vulnerable
Mawayana (Brazil)	10	Critically endangered
Malak Malak	10	Critically endangered
Purisimeño	0	Extinct
Sanema (Venezuela)	393	Vulnerable
Kalmyk	153602	Definitely endangered
Laxudumau	500	Vulnerable
Cupeño	0	Extinct
Sangkong	2000	Vulnerable
Komi	217316	Definitely endangered
Sherpa	143693	Vulnerable
Awa Cuaiquer	7500	Critically endangered
Trumai	51	Critically endangered
Southern Khanty	0	Extinct
Soi	7000	Definitely endangered
Tiwi	2100	Vulnerable
Tundra Nenets	30000	Definitely endangered
Mortlockese	5904	Definitely endangered
Western Tarahumara	9196	Vulnerable
Mayoruna (Brazil)	1500	Vulnerable
Ayautla Mazatec	3192	Vulnerable
Kurripako (Colombia, Venezuela)	10000	Definitely endangered
Lardil	10	Critically endangered
Oro Win	5	Critically endangered
Gardiol	340	Severely endangered
Kapori	35	Critically endangered
Alabat Island Agta	30	Critically endangered
Bumthang	30000	Vulnerable
Mafea	70	Definitely endangered
Culle	0	Extinct
Mo'ang (Viet Nam)	5000	Definitely endangered
Hadza	975	Vulnerable
Kabui	95000	Vulnerable
Okanagan	130	Definitely endangered
Panare	3000	Vulnerable
Logol	2600	Severely endangered
Yanesha	8000	Severely endangered
Tayal	10000	Vulnerable
Picard	700000	Severely endangered
Winnebago (Nebraska)	250	Severely endangered
Koyukon	150	Critically endangered
Kristang	2150	Severely endangered
Austral dialects	8000	Definitely endangered
Birhor	2000	Critically endangered
Jaqaru	750	Severely endangered
Jebero	100	Critically endangered
Marúbo	1252	Vulnerable
She	1000	Critically endangered
Aragonese	10000	Definitely endangered
Maremgi	40	Definitely endangered
Yucatec	3155	Definitely endangered
Võro-Seto	50000	Definitely endangered
Jaya	2200	Severely endangered
Tshangla	193000	Vulnerable
Huron-Wyandot (United States of America)	0	Extinct
Miskito (Nicaragua)	100000	Vulnerable
Dupaninan Agta	1400	Vulnerable
Nayi	3656	Vulnerable
Aleut (Western, Commander Islands)	5	Critically endangered
West Flemish	1500000	Vulnerable
Wakhi	75000	Definitely endangered
Urupá	0	Extinct
Maram	37000	Vulnerable
Zaparo	9	Critically endangered
Tennet	4000	Vulnerable
Mam (Mexico)	7977	Severely endangered
Mono (Western)	40	Critically endangered
Aasax	0	Extinct
Kickapoo (Mexico)	144	Critically endangered
Chrau	15000	Definitely endangered
Jakaltek (Mexico)	504	Severely endangered
Taushiro	1	Critically endangered
Kairui-Midiki	1000	Vulnerable
Adabe	1000	Vulnerable
Bunan	4000	Definitely endangered
Motocintlec	141	Critically endangered
Xaragure	566	Vulnerable
Dzhidi	30000	Definitely endangered
Krahô	2184	Vulnerable
Yuhup (Brazil)	617	Vulnerable
Resian	1000	Definitely endangered
Xokleng	100	Critically endangered
Kilen	20	Critically endangered
Yir Yoront	0	Extinct
Potawatomi (Kansas)	50	Critically endangered
Ngarla	0	Extinct
Tamazight (Beni Iznassen)	25000	Definitely endangered
Central Cuicatec	8621	Vulnerable
Boano	2000	Vulnerable
Oji-Cree	6110	Vulnerable
Ishkashimi	1000	Severely endangered
Istro-Romanian	300	Severely endangered
Angika	740892	Vulnerable
Punan Batu	30	Critically endangered
Bikaru	100	Severely endangered
Chong	500	Severely endangered
Kaande	1000	Severely endangered
Salamãy	2	Critically endangered
Besoa	3000	Vulnerable
Nguon	2000	Vulnerable
Miskito (Honduras)	25000	Vulnerable
Pupeo	400	Definitely endangered
Kofei	100	Severely endangered
Apiaká	1	Critically endangered
Tamazight (Arzew)	2000	Critically endangered
Pazeh	1	Critically endangered
Ngäbere (Panama)	169130	Vulnerable
Senaya	60	Critically endangered
Zhaba	7000	Vulnerable
Antoniano	0	Extinct
Kathu	5000	Definitely endangered
Konni	3800	Vulnerable
Central Cagayan Agta	779	Vulnerable
Achumawi	10	Critically endangered
Mebengokre	7266	Vulnerable
Bulgebi	50	Definitely endangered
Zapotec of the Valleys north	1303	Severely endangered
Geme	550	Critically endangered
Phom	123000	Vulnerable
Yine	2150	Definitely endangered
Semai	15000	Severely endangered
Kayardild	8	Critically endangered
Yaaku	0	Extinct
Kapori	35	Critically endangered
Zapotec of the Southern mountains, eastern lowlands	420	Definitely endangered
N|uu	8	Critically endangered
Micmac (Massachusetts)	8145	Definitely endangered
Chawte	200	Definitely endangered
K'iche' (Mexico)	226	Definitely endangered
Kaike	794	Definitely endangered
Chaná	1	Critically endangered
Dol-po	9000	Definitely endangered
Maragus	0	Extinct
Aluo	20000	Definitely endangered
North Slavey	720	Definitely endangered
Shompen	100	Critically endangered
Zapotec of the Valleys, middle northwest	20448	Definitely endangered
Gong	80	Severely endangered
Ongkor Solon	0	Extinct
Nunggubuyu	44	Severely endangered
Phom	123000	Vulnerable
Tumtum	6500	Severely endangered
Baré (Brazil)	2	Critically endangered
Awera	70	Vulnerable
Khwe	5000	Definitely endangered
Northern Tutchone	115	Definitely endangered
Lakha	8000	Definitely endangered
Pacific Gulf Yupik	200	Severely endangered
Central Kalapuyan	0	Extinct
Ubykh (Caucasus)	0	Extinct
Yimas	300	Severely endangered
Lae	1	Extinct
Taje	350	Critically endangered
Irula	200000	Vulnerable
Sivandi	7000	Definitely endangered
Piame	100	Severely endangered
Tamaceq	800000	Definitely endangered
Kuurinji	175	Definitely endangered
Tamaceq	800000	Definitely endangered
Kuk	3000	Definitely endangered
Oro Win	5	Critically endangered
Thakali	6441	Vulnerable
Yaqui (United States of America)	510	Definitely endangered
Juk	15000	Definitely endangered
Huasteca Náhuatl	463183	Vulnerable
Lae	1	Extinct
Venetan	2000000	Vulnerable
Shwai	3500	Critically endangered
Shixing	1800	Definitely endangered
Karagash	7000	Definitely endangered
Khang Quang Lam	3921	Severely endangered
Kija	60	Severely endangered
Lule Saami	2000	Severely endangered
Bangsa	10	Critically endangered
Nila (Nila Island)	0	Extinct
Atemble	60	Definitely endangered
Higher Reservoir Mazatec	20665	Vulnerable
Warapu	300	Severely endangered
Abaza	31000	Definitely endangered
Pyu	0	Extinct
Hulaula (Israel)	10000	Severely endangered
Harsusi	3000	Definitely endangered
Khoirao	20000	Vulnerable
Kaixána	1	Critically endangered
Aivilingmiutut	1245	Vulnerable
Nyang'i	0	Extinct
Tututni	0	Extinct
Juk	15000	Definitely endangered
Nyang'i	0	Extinct
Old Sirenik	0	Extinct
Nunavimmiutitut	9105	Vulnerable
Kamasa	20	Critically endangered
Lakon	700	Vulnerable
Yuki	125	Severely endangered
Rembarrnga	10	Critically endangered
Hixkaryána	600	Vulnerable
Kyakala	0	Extinct
Taikat	500	Definitely endangered
Tol	300	Critically endangered
Iresim	70	Severely endangered
Apatani	35000	Vulnerable
Uru-eu-au-au	183	Vulnerable
Pije	161	Severely endangered
Laghuu	500	Definitely endangered
Huichol	35724	Vulnerable
Chantyal	5912	Definitely endangered
Hulung	10	Critically endangered
Ñandeva Guarani	10000	Vulnerable
Mafea	70	Definitely endangered
Quichua (Salasaca)	8000	Definitely endangered
Yimchungru	92000	Vulnerable
Dondo	13000	Vulnerable
Tangam	100	Critically endangered
Yahgan	1	Critically endangered
Taloki	500	Definitely endangered
Lishana Deni (Iraq)	0	Extinct
Andoke	597	Severely endangered
Odut	0	Extinct
Sahaptin	100	Severely endangered
Uru	1	Extinct
Warao	25000	Definitely endangered
Gazi	7000	Definitely endangered
Karas	100	Severely endangered
Temein	10000	Severely endangered
Bundjalung	20	Severely endangered
Rembarrnga	10	Critically endangered
Waimirí-Atroarí	1120	Vulnerable
Cowlitz	0	Extinct
Nyishangba	2000	Definitely endangered
Achuar	2500	Definitely endangered
Wambaya	20	Critically endangered
Arta	0	Extinct
Ashkun	2000	Definitely endangered
Jingulu	14	Severely endangered
Shixing	1800	Definitely endangered
Paiter	1000	Vulnerable
Chamalal	12000	Definitely endangered
Guugu Yimidhirr	1000	Vulnerable
Papantla Totonac	49748	Definitely endangered
Paiwan	15000	Vulnerable
Totoli	15000	Vulnerable
Kurux (India)	1751489	Vulnerable
Jakaltek (Guatemala)	34038	Definitely endangered
Ngaatjatjara	12	Severely endangered
Mono (Western)	40	Critically endangered
Dengalu	140	Definitely endangered
Paunaca	5	Critically endangered
Mang (Viet Nam)	2300	Definitely endangered
Tetete	0	Extinct
Narpa	533	Definitely endangered
Yapunda	69	Severely endangered
Sām	23	Severely endangered
Auye	350	Vulnerable
Guarasu	2	Critically endangered
Shuar chicham	35000	Definitely endangered
Animere	700	Critically endangered
Chiquitano (Brazil)	50	Critically endangered
Aleut (Eastern)	150	Critically endangered
Teko	71	Severely endangered
Guaraní Boliviano	40000	Vulnerable
Younuo Bunu	4000	Definitely endangered
Bukharic	10000	Definitely endangered
Straits Salish	180	Severely endangered
Griko (Calabria)	2000	Severely endangered
Gurrgoni	60	Vulnerable
Polonomombauk	120	Definitely endangered
Kosraean	6900	Severely endangered
Central Ojibwe	175	Definitely endangered
Lule Saami	2000	Severely endangered
Pontic Greek	300000	Definitely endangered
Kickapoo (Oklahoma)	400	Severely endangered
Ngwaba	10000	Severely endangered
Provençal	150000	Severely endangered
Twana	0	Extinct
Zenaga (Mauritania)	4000	Severely endangered
Kokota	200	Vulnerable
Trumai	51	Critically endangered
Chiquihuitlán Mazatec	1502	Definitely endangered
Wunambal	5	Critically endangered
North Alaskan Inupiaq (Kotzebue Sound)	2144	Severely endangered
Lishan Didan (Iran)	0	Extinct
Nez Perce	20	Critically endangered
Ilue	5000	Critically endangered
Awyi	350	Vulnerable
Karone	10000	Vulnerable
Yuhup (Brazil)	617	Vulnerable
Puluwat	1364	Severely endangered
Yudja	362	Vulnerable
Barí	5000	Vulnerable
Emplawas	220	Definitely endangered
Moroccan Judeo-Arabic (Morocco)	5000	Severely endangered
Bashkarik	1500	Severely endangered
Leco	20	Critically endangered
Central Pame	7399	Vulnerable
Romani	3500000	Definitely endangered
Konkow	3	Critically endangered
Assiniboine (Canada)	80	Critically endangered
Tai Daeng	80000	Vulnerable
Ge'ez	0	Extinct
Seru	0	Extinct
Koroni	400	Definitely endangered
Mezquital Otomí	88789	Definitely endangered
Sayultec	3150	Definitely endangered
Ngaatjatjara	12	Severely endangered
Aragonese	10000	Definitely endangered
Quechua of San Martín	6000	Severely endangered
Iduh (Viet Nam)	5	Critically endangered
Asumboa	40	Severely endangered
Wano	3500	Definitely endangered
Polci cluster	22000	Definitely endangered
Bundjalung	20	Severely endangered
Khojki	5000	Severely endangered
Puma	4310	Severely endangered
Anuki	542	Definitely endangered
Tanema	4	Critically endangered
Soi	7000	Definitely endangered
Remo	2500	Severely endangered
Aivilingmiutut	1245	Vulnerable
Nisvai	20	Critically endangered
Uru	1	Extinct
Bashkardi	7000	Definitely endangered
Samei	12000	Severely endangered
Mandaic	300	Critically endangered
Milang	2000	Definitely endangered
Wanano / Kotiria (Brazil)	650	Vulnerable
Rio Grande Keresan	6685	Definitely endangered
Kim	20	Critically endangered
Kaiy	250	Vulnerable
Avar	784840	Vulnerable
Razihi	75000	Definitely endangered
Ngäbere (Panama)	169130	Vulnerable
Koasati (Texas)	450	Definitely endangered
Repanbitip	90	Definitely endangered
Gaagudju	0	Extinct
Tamzabit	150000	Vulnerable
Opon-Carare	0	Extinct
Nogay (Caucasus)	90020	Definitely endangered
Phuthi	43000	Definitely endangered
Turoyo	50000	Severely endangered
Karagash	7000	Definitely endangered
Sarikoli	22000	Definitely endangered
Miskito (Honduras)	25000	Vulnerable
Gowro	200	Severely endangered
Tajio	12000	Vulnerable
Kamas Turk	0	Extinct
Muda	2000	Vulnerable
Serrano	0	Extinct
Bardi	30	Severely endangered
Romansh	35095	Definitely endangered
Zapotec of the Southern mountains, eastern lowlands	420	Definitely endangered
Dhaiso	5000	Definitely endangered
Konyak	248000	Vulnerable
Waigali	2000	Definitely endangered
Hya	940	Severely endangered
Savi	3000	Definitely endangered
Qwarenya	0	Extinct
Ukhwejo	2000	Severely endangered
May	1000	Definitely endangered
Ticuna	35000	Definitely endangered
Kunbarlang	140	Severely endangered
Kickapoo (Mexico)	144	Critically endangered
Bung	3	Critically endangered
Laua	1	Critically endangered
Lavua	15000	Definitely endangered
Cheyenne (Oklahoma)	400	Severely endangered
Lae	1	Extinct
Mixtec of Santa Inés de Zaragoza	775	Definitely endangered
Nung Ven	200	Vulnerable
Tinan	2000	Definitely endangered
Northern Selkup	600	Severely endangered
Woleaian	1631	Severely endangered
Sonora Lower Pima	159	Severely endangered
Wab	142	Vulnerable
Yanomami (Brazil)	6000	Vulnerable
Pengo	1254	Critically endangered
Laha (Lao Cai)	500	Definitely endangered
Bade	250000	Vulnerable
Biete	19000	Definitely endangered
Umpila	12	Severely endangered
Q'eqchi' (Guatemala)	716101	Vulnerable
Faire Atta	300	Severely endangered
Pyu	0	Extinct
Zapotec of San Bartolo Yautepec	246	Severely endangered
Enggano	700	Vulnerable
Stoney	2765	Vulnerable
Yakkha	14648	Critically endangered
Mizo	529000	Vulnerable
Torwali	60000	Definitely endangered
Hpun	0	Extinct
Pontic Greek	300000	Definitely endangered
K'emant	1500	Severely endangered
Tule-Kaweah Yokuts	10	Critically endangered
Judezmo (Israel)	400000	Severely endangered
Bharmauri	3976	Definitely endangered
Choyi	7000	Definitely endangered
Juhur (Caucasus)	3016	Definitely endangered
Orang Kanaq	0	Extinct
